analysis,variant,variant_role,instrument,repeat,outer_fold,evaluation_index_scope,method,status,error_type,error_message,selected_components,criterion_name,runtime_seconds,intercept,numerical_positive_rank,eigenvalue_threshold,pilot_components,threshold,threshold_reached,sigma2,moment_residual_m0,effective_dimension,selected_beyond_effective_dimension,selected_at_cap,path_cap,processed_grid_size,shared_fpcr_path_seconds,training_rmse,training_bias,coefficient_norm,coefficient_max_abs,prediction_finite,inner_fold_failures,inner_error_messages,selected_basis_condition,selected_design_condition,instability_flag,inner_effective_dimension_min,inner_effective_dimension_max,rank_breakdown,selected_orthogonality_defect,selected_eigenvalue,selected_spectral_condition
development_repeated_nested_cv,primary_instrument1_full,primary,1,1,1,development_combined,CG-FPLS-code,ok,,,3,discrepancy_moment,0.05723291705362499,168.01942458930455,155.0,3.708106468755594e-15,70.0,0.18707260626792985,True,7.892601589792204,1.4014566077408845,70.0,False,False,70,650,0.04776825004955754,5.824014292256857,6.66817028944094e-14,18691.808641164313,2737.736819848695,True,,,,,,,,,,,
development_repeated_nested_cv,primary_instrument1_full,primary,1,1,1,development_combined,Raw FPLS,ok,,,35,inner_cv_mse,0.24381883098976687,115.97188498567066,,,,,,,,70.0,,False,70,650,,4.296023452384754,8.981988941787933e-14,22019.840768122453,3054.087660074234,True,0.0,,4503599627370496.0,4503599627370496.0,True,,,,,,
development_repeated_nested_cv,primary_instrument1_full,primary,1,1,1,development_combined,Arnoldi FPLS,ok,,,5,inner_cv_mse,0.2648001670022495,112.4939762371767,,,,,,,,70.0,,False,70,650,,4.287000202321838,8.799798496721241e-14,21907.577035840557,3040.3879425228306,True,0.0,,1.0000000000000004,11.688907474638876,False,70.0,70.0,False,2.6838746793965123e-16,,
development_repeated_nested_cv,primary_instrument1_full,primary,1,1,1,development_combined,FPCR,ok,,,33,response_gcv,0.04885533300694078,50.95152318888324,155.0,3.708106468755594e-15,,,,,,,,False,70,650,0.04776825004955754,3.5747527272007327,1.1332245683148265e-13,27261.353270574884,7068.560942723913,True,,,,,,,,,,1.2222958682592076e-05,2101.9494599154114
development_repeated_nested_cv,primary_instrument1_full,primary,1,1,2,development_combined,CG-FPLS-code,ok,,,3,discrepancy_moment,0.038899125007446855,111.73976369862304,155.0,3.4635650924808264e-15,70.0,0.19316585508614958,True,8.985896641306613,1.4363940657559882,70.0,False,False,70,650,0.03006899997126311,5.5464116292567205,1.9494377622136082e-14,19124.716836056814,2950.1061442568025,True,,,,,,,,,,,
development_repeated_nested_cv,primary_instrument1_full,primary,1,1,2,development_combined,Raw FPLS,ok,,,6,inner_cv_mse,0.23657895904034376,132.23483081028968,,,,,,,,70.0,,False,70,650,,4.453762066479058,1.4393045160268695e-14,21591.76178072017,3153.940874271095,True,0.0,,446225068.895908,6561777000.083494,True,,,,,,
development_repeated_nested_cv,primary_instrument1_full,primary,1,1,2,development_combined,Arnoldi FPLS,ok,,,6,inner_cv_mse,0.25369808392133564,104.83607345351191,,,,,,,,70.0,,False,70,650,,4.126417371816214,2.7146376314937162e-14,22944.597953341145,3213.2848264107224,True,0.0,,1.0000000000000004,18.990838161487254,False,70.0,70.0,False,4.974940067675636e-16,,
development_repeated_nested_cv,primary_instrument1_full,primary,1,1,2,development_combined,FPCR,ok,,,14,response_gcv,0.030889041954651475,130.92951280773434,155.0,3.4635650924808264e-15,,,,,,,,False,70,650,0.03006899997126311,4.525117654637101,2.3502567413603312e-14,21922.853509727356,2810.3931016246124,True,,,,,,,,,,4.93288607531002e-05,486.48413998273753
development_repeated_nested_cv,primary_instrument1_full,primary,1,1,3,development_combined,CG-FPLS-code,ok,,,3,discrepancy_moment,0.038805624993983656,131.81304402794188,155.0,3.964700068719997e-15,70.0,0.19937537176022413,True,8.429035241739854,1.4993843421233874,70.0,False,False,70,650,0.030218750005587935,4.835778336794834,7.560903470267732e-14,20121.089278732787,2996.7849166550063,True,,,,,,,,,,,
development_repeated_nested_cv,primary_instrument1_full,primary,1,1,3,development_combined,Raw FPLS,ok,,,64,inner_cv_mse,0.23689796007238328,99.02390738598805,,,,,,,,70.0,,False,70,650,,4.305718192119793,8.289665250534502e-14,21149.004985776628,3012.9677897691727,True,0.0,,4503599627370496.0,4503599627370496.0,True,,,,,,
development_repeated_nested_cv,primary_instrument1_full,primary,1,1,3,development_combined,Arnoldi FPLS,ok,,,5,inner_cv_mse,0.24947708402760327,130.9802484145244,,,,,,,,70.0,,False,70,650,,4.141315847720052,8.052817671947803e-14,21580.917485998074,2988.0533447660637,True,0.0,,1.0000000000000004,13.15580311647152,False,70.0,70.0,False,4.481299710098712e-16,,
development_repeated_nested_cv,primary_instrument1_full,primary,1,1,3,development_combined,FPCR,ok,,,39,response_gcv,0.031020292022731155,95.97555644306064,155.0,3.964700068719997e-15,,,,,,,,False,70,650,0.030218750005587935,3.4756645199036376,6.832141690000963e-14,27498.095624533416,5289.267233213763,True,,,,,,,,,,8.261949210090663e-06,3324.8666773575546
development_repeated_nested_cv,primary_instrument1_full,primary,1,1,4,development_combined,CG-FPLS-code,ok,,,3,discrepancy_moment,0.038709208951331675,176.85333682838623,155.0,3.3308508810649996e-15,70.0,0.18552696361782597,True,8.540078614927694,1.4335620987088626,70.0,False,False,70,650,0.030083041987381876,5.452206933437216,4.9009229722940246e-14,18920.76750226182,2922.7478374673383,True,,,,,,,,,,,
development_repeated_nested_cv,primary_instrument1_full,primary,1,1,4,development_combined,Raw FPLS,ok,,,62,inner_cv_mse,0.22909837501356378,124.82342383449374,,,,,,,,70.0,,False,70,650,,4.334692172745191,6.212694176774209e-14,21403.173432140975,3114.906972080469,True,0.0,,4503599627370496.0,4503599627370496.0,True,,,,,,
development_repeated_nested_cv,primary_instrument1_full,primary,1,1,4,development_combined,Arnoldi FPLS,ok,,,5,inner_cv_mse,0.24822787602897733,129.494003097281,,,,,,,,70.0,,False,70,650,,4.314290671605294,6.394884621840902e-14,21632.9529974468,3129.50771268846,True,0.0,,1.0000000000000002,12.99057953242262,False,70.0,70.0,False,3.020680487800209e-16,,
development_repeated_nested_cv,primary_instrument1_full,primary,1,1,4,development_combined,FPCR,ok,,,56,response_gcv,0.030904499988537282,107.0548276012453,155.0,3.3308508810649996e-15,,,,,,,,False,70,650,0.030083041987381876,3.0627877915750696,-1.3664283380001927e-14,56929.08549337512,18636.58465240019,True,,,,,,,,,,5.015961892636808e-07,46009.48580328518
development_repeated_nested_cv,primary_instrument1_full,primary,1,1,5,development_combined,CG-FPLS-code,ok,,,3,discrepancy_moment,0.039188209048006684,170.83379985063914,155.0,3.716456077837685e-15,70.0,0.21765803149870894,True,10.538480419344829,1.4698046517001977,70.0,False,False,70,650,0.030334250011947006,6.260942773237352,2.332037696853662e-14,17410.8297205513,2627.7817790857894,True,,,,,,,,,,,
development_repeated_nested_cv,primary_instrument1_full,primary,1,1,5,development_combined,Raw FPLS,ok,,,4,inner_cv_mse,0.23523504193872213,86.23023018841353,,,,,,,,70.0,,False,70,650,,4.723512581254711,2.6781995424803776e-14,20895.927300957846,2978.424246952636,True,0.0,,12536.180465376097,85370.03891418359,False,,,,,,
development_repeated_nested_cv,primary_instrument1_full,primary,1,1,5,development_combined,Arnoldi FPLS,ok,,,4,inner_cv_mse,0.2512477919808589,86.23020940364943,,,,,,,,70.0,,False,70,650,,4.723512581254627,2.7510757205070546e-14,20895.92773963291,2978.4242688175273,True,0.0,,1.0000000000000002,8.694053229233747,False,70.0,70.0,False,7.1037154979445e-16,,
development_repeated_nested_cv,primary_instrument1_full,primary,1,1,5,development_combined,FPCR,ok,,,7,response_gcv,0.03114137501688674,108.36595640678324,155.0,3.716456077837685e-15,,,,,,,,False,70,650,0.030334250011947006,4.786539258626633,4.1721611920272546e-14,21025.104605593748,2856.3464750293974,True,,,,,,,,,,0.00011001725465662531,234.05321926061342
development_repeated_nested_cv,primary_instrument1_full,primary,1,2,1,development_combined,CG-FPLS-code,ok,,,3,discrepancy_moment,0.039974624989554286,175.01536430028395,155.0,3.8609588070462095e-15,70.0,0.16834708690193478,True,6.1560129789347044,1.4691747887362476,70.0,False,False,70,650,0.031219666998367757,6.092277509485331,2.38669483037367e-14,17458.66898692075,2628.3352365754663,True,,,,,,,,,,,
development_repeated_nested_cv,primary_instrument1_full,primary,1,2,1,development_combined,Raw FPLS,ok,,,70,inner_cv_mse,0.23427500086836517,133.77936535987416,,,,,,,,70.0,,True,70,650,,4.260540663589318,6.485979844374248e-14,23369.64469807155,3065.992644369602,True,0.0,,4503599627370496.0,4503599627370496.0,True,,,,,,
development_repeated_nested_cv,primary_instrument1_full,primary,1,2,1,development_combined,Arnoldi FPLS,ok,,,6,inner_cv_mse,0.25483166705816984,88.5188257569489,,,,,,,,70.0,,False,70,650,,3.533976159189992,6.577075066907595e-14,23578.916631045977,3020.5937175593535,True,0.0,,1.0000000000000007,22.74177629282301,False,70.0,70.0,False,4.516440666976207e-16,,
development_repeated_nested_cv,primary_instrument1_full,primary,1,2,1,development_combined,FPCR,ok,,,39,response_gcv,0.03202741697896272,40.83704924420928,155.0,3.8609588070462095e-15,,,,,,,,False,70,650,0.031219666998367757,3.1159157475199106,5.028456283840709e-14,27823.396573646896,5150.45939737023,True,,,,,,,,,,8.177818000593507e-06,3271.1777609295686
development_repeated_nested_cv,primary_instrument1_full,primary,1,2,2,development_combined,CG-FPLS-code,ok,,,3,discrepancy_moment,0.038984083046671,141.40547412948771,155.0,3.3883682292037674e-15,70.0,0.2076412089568213,True,10.320560531453948,1.379848438168242,70.0,False,False,70,650,0.030316666001453996,5.511618312990321,6.19447513226754e-14,19402.545183432085,2895.2166401059044,True,,,,,,,,,,,
development_repeated_nested_cv,primary_instrument1_full,primary,1,2,2,development_combined,Raw FPLS,ok,,,47,inner_cv_mse,0.2326024998910725,128.4628834725766,,,,,,,,70.0,,False,70,650,,4.470662929742472,8.162131938987818e-14,21654.697836891977,3092.597821891308,True,0.0,,4503599627370496.0,4503599627370496.0,True,,,,,,
development_repeated_nested_cv,primary_instrument1_full,primary,1,2,2,development_combined,Arnoldi FPLS,ok,,,5,inner_cv_mse,0.2547642500139773,130.32886919219908,,,,,,,,70.0,,False,70,650,,4.472949837565676,8.235008117014494e-14,21681.892095328232,3096.0705093100723,True,0.0,,1.0000000000000004,10.97430386802151,False,70.0,70.0,False,2.5790565289461325e-16,,
development_repeated_nested_cv,primary_instrument1_full,primary,1,2,2,development_combined,FPCR,ok,,,8,response_gcv,0.031164832005742937,125.41879753118423,155.0,3.3883682292037674e-15,,,,,,,,False,70,650,0.030316666001453996,4.692709302006901,8.052817671947803e-14,21497.32768411092,2934.0204837584643,True,,,,,,,,,,8.692576188009269e-05,270.0775672408458
development_repeated_nested_cv,primary_instrument1_full,primary,1,2,3,development_combined,CG-FPLS-code,ok,,,3,discrepancy_moment,0.03947449999395758,155.9413791800861,155.0,3.8072758791411535e-15,70.0,0.21760331606787486,True,10.591592633971175,1.6796558696251236,70.0,False,False,70,650,0.030580083024688065,5.762752281874478,5.5385895300274475e-14,18293.854363803268,2910.7058778264272,True,,,,,,,,,,,
development_repeated_nested_cv,primary_instrument1_full,primary,1,2,3,development_combined,Raw FPLS,ok,,,49,inner_cv_mse,0.23925470904214308,123.88665008289364,,,,,,,,70.0,,False,70,650,,4.60783080881647,5.24708481792074e-14,21648.188409206057,3156.666771173477,True,0.0,,4503599627370496.0,4503599627370496.0,True,,,,,,
development_repeated_nested_cv,primary_instrument1_full,primary,1,2,3,development_combined,Arnoldi FPLS,ok,,,4,inner_cv_mse,0.255769541952759,89.7756364112863,,,,,,,,70.0,,False,70,650,,4.883302320482562,6.358446532827563e-14,20508.73076882926,3117.1153185550093,True,0.0,,1.0000000000000004,8.90080336729273,False,70.0,70.0,False,3.6773684190504516e-16,,
development_repeated_nested_cv,primary_instrument1_full,primary,1,2,3,development_combined,FPCR,ok,,,11,response_gcv,0.03143049904610962,119.14248297813226,155.0,3.8072758791411535e-15,,,,,,,,False,70,650,0.030580083024688065,4.805806621404831,7.178303535627679e-14,21055.75273244179,2795.867268472098,True,,,,,,,,,,5.9783380427526754e-05,441.24550767165897
development_repeated_nested_cv,primary_instrument1_full,primary,1,2,4,development_combined,CG-FPLS-code,ok,,,3,discrepancy_moment,0.040211125975474715,117.61913639244747,155.0,3.5438236038602137e-15,70.0,0.19492314929996926,True,8.900650511009788,1.3807665215495313,70.0,False,False,70,650,0.030895334028173238,5.064671700433373,8.872674674747918e-14,20039.05104888503,3023.6074791800606,True,,,,,,,,,,,
development_repeated_nested_cv,primary_instrument1_full,primary,1,2,4,development_combined,Raw FPLS,ok,,,23,inner_cv_mse,0.23554587503895164,128.69102029172288,,,,,,,,70.0,,False,70,650,,4.271537222835251,9.801845944588049e-14,21599.518120452845,3099.2668001055717,True,0.0,,4503599627370496.0,4503599627370496.0,True,,,,,,
development_repeated_nested_cv,primary_instrument1_full,primary,1,2,4,development_combined,Arnoldi FPLS,ok,,,6,inner_cv_mse,0.2565610411693342,108.2865938776757,,,,,,,,70.0,,False,70,650,,3.8619264826845194,1.025732205725478e-13,23549.6926858431,3128.4627695653935,True,0.0,,1.0000000000000004,23.39897174074931,False,70.0,70.0,False,3.962954712141784e-16,,
development_repeated_nested_cv,primary_instrument1_full,primary,1,2,4,development_combined,FPCR,ok,,,21,response_gcv,0.032069250009953976,109.83977567385561,155.0,3.5438236038602137e-15,,,,,,,,False,70,650,0.030895334028173238,4.04795159533156,9.637874544028025e-14,23226.22286926712,3447.7145628656526,True,,,,,,,,,,2.8907506744654247e-05,849.3914375725282
development_repeated_nested_cv,primary_instrument1_full,primary,1,2,5,development_combined,CG-FPLS-code,ok,,,3,discrepancy_moment,0.04009904200211167,160.0162246085576,155.0,3.602669046121667e-15,70.0,0.18761409055919906,True,8.125512107137569,1.3410325193202761,70.0,False,False,70,650,0.03091545798815787,5.503227233807405,-1.6397140056002313e-15,19053.777248876046,2802.9387318669183,True,,,,,,,,,,,
development_repeated_nested_cv,primary_instrument1_full,primary,1,2,5,development_combined,Raw FPLS,ok,,,60,inner_cv_mse,0.238978125853464,129.24563710032606,,,,,,,,70.0,,False,70,650,,4.311726602661119,-2.004094895733616e-15,21635.637565311146,2949.9113662838936,True,0.0,,4503599627370496.0,4503599627370496.0,True,,,,,,
development_repeated_nested_cv,primary_instrument1_full,primary,1,2,5,development_combined,Arnoldi FPLS,ok,,,5,inner_cv_mse,0.25874137494247407,132.34270552356787,,,,,,,,70.0,,False,70,650,,4.3083563685543,-1.8219044506669234e-15,21707.77493052368,2951.602813511172,True,0.0,,1.0000000000000002,12.95639517898697,False,70.0,70.0,False,6.024604464440108e-16,,
development_repeated_nested_cv,primary_instrument1_full,primary,1,2,5,development_combined,FPCR,ok,,,52,response_gcv,0.03177641599904746,95.73636539276188,155.0,3.602669046121667e-15,,,,,,,,False,70,650,0.03091545798815787,3.12738943790709,-1.286264542170848e-13,49530.305927668815,17908.52253448845,True,,,,,,,,,,7.881464618170433e-07,31671.151648342217
development_repeated_nested_cv,primary_instrument1_full,primary,1,3,1,development_combined,CG-FPLS-code,ok,,,3,discrepancy_moment,0.0401888340129517,139.4934899358911,155.0,3.439148725533818e-15,70.0,0.20713522155607703,True,10.43546712088293,1.544323491391314,70.0,False,False,70,650,0.03138662502169609,6.201349781623667,2.933266165573747e-14,17731.0816335461,2797.3479382138494,True,,,,,,,,,,,
development_repeated_nested_cv,primary_instrument1_full,primary,1,3,1,development_combined,Raw FPLS,ok,,,26,inner_cv_mse,0.250219291949179,113.10613126789008,,,,,,,,70.0,,False,70,650,,4.564443239097576,4.026408835973901e-14,21526.413569235887,3159.507605433464,True,0.0,,4503599627370496.0,4503599627370496.0,True,,,,,,
development_repeated_nested_cv,primary_instrument1_full,primary,1,3,1,development_combined,Arnoldi FPLS,ok,,,5,inner_cv_mse,0.2576512919040397,110.63536744084202,,,,,,,,70.0,,False,70,650,,4.540318978724996,3.80778030189387e-14,21515.618295836877,3154.983491701938,True,0.0,,1.0000000000000004,11.084186422377115,False,70.0,70.0,False,3.572927024623308e-16,,
development_repeated_nested_cv,primary_instrument1_full,primary,1,3,1,development_combined,FPCR,ok,,,10,response_gcv,0.032309917034581304,111.19830107086013,155.0,3.439148725533818e-15,,,,,,,,False,70,650,0.03138662502169609,4.714555319771177,4.882703927787355e-14,21503.25116799235,2836.6031633185717,True,,,,,,,,,,6.468014632081657e-05,368.405734271864
development_repeated_nested_cv,primary_instrument1_full,primary,1,3,2,development_combined,CG-FPLS-code,ok,,,3,discrepancy_moment,0.03934683301486075,167.7648925765341,155.0,3.5560721350607666e-15,70.0,0.17992079652416926,True,7.568811723450494,1.3693504562206729,70.0,False,False,70,650,0.03038362500956282,5.279010699829899,8.471855695601195e-14,19134.789709574798,2951.2792686248804,True,,,,,,,,,,,
development_repeated_nested_cv,primary_instrument1_full,primary,1,3,2,development_combined,Raw FPLS,ok,,,54,inner_cv_mse,0.24808424804359674,120.48220436203162,,,,,,,,70.0,,False,70,650,,4.145496611122281,1.1368683772161603e-13,21510.78731028927,3083.115859270096,True,0.0,,4503599627370496.0,4503599627370496.0,True,,,,,,
development_repeated_nested_cv,primary_instrument1_full,primary,1,3,2,development_combined,Arnoldi FPLS,ok,,,6,inner_cv_mse,0.2565305429743603,106.80988831544485,,,,,,,,70.0,,False,70,650,,3.843774918745303,1.309949300029518e-13,23047.821746207428,3148.346208258816,True,0.0,,1.0000000000000004,20.712449617455963,False,70.0,70.0,False,3.6579130843256034e-16,,
development_repeated_nested_cv,primary_instrument1_full,primary,1,3,2,development_combined,FPCR,ok,,,55,response_gcv,0.03122033301042393,67.19484847017462,155.0,3.5560721350607666e-15,,,,,,,,False,70,650,0.03038362500956282,2.9634842066096776,1.5140025985042134e-13,47866.09422781677,14413.746126451786,True,,,,,,,,,,5.864022490947308e-07,42016.64318854352
development_repeated_nested_cv,primary_instrument1_full,primary,1,3,3,development_combined,CG-FPLS-code,ok,,,3,discrepancy_moment,0.040231541031971574,146.03161115390068,155.0,3.749660474006635e-15,70.0,0.1886942343360314,True,7.910691438062538,1.449952019227007,70.0,False,False,70,650,0.03142445802222937,5.660987393109389,3.406961322747147e-14,18758.632873650837,2759.2750144440884,True,,,,,,,,,,,
development_repeated_nested_cv,primary_instrument1_full,primary,1,3,3,development_combined,Raw FPLS,ok,,,30,inner_cv_mse,0.23541425104485825,123.06183509647582,,,,,,,,70.0,,False,70,650,,4.243167486969043,3.552713678800501e-14,21803.94548245903,3073.767391771078,True,0.0,,4503599627370496.0,4503599627370496.0,True,,,,,,
development_repeated_nested_cv,primary_instrument1_full,primary,1,3,3,development_combined,Arnoldi FPLS,ok,,,5,inner_cv_mse,0.2529312929837033,122.67596876926703,,,,,,,,70.0,,False,70,650,,4.23862849486513,3.6073708123205084e-14,21803.217081858642,3073.5557651928475,True,0.0,,1.0000000000000007,11.515193641309715,False,70.0,70.0,False,2.469332452065424e-16,,
development_repeated_nested_cv,primary_instrument1_full,primary,1,3,3,development_combined,FPCR,ok,,,35,response_gcv,0.03224441601196304,73.10263499218806,155.0,3.749660474006635e-15,,,,,,,,False,70,650,0.03142445802222937,3.6562697578890138,6.249132265787548e-14,26256.922446565717,3889.689500980173,True,,,,,,,,,,1.092752815183866e-05,2377.477571935997
development_repeated_nested_cv,primary_instrument1_full,primary,1,3,4,development_combined,CG-FPLS-code,ok,,,3,discrepancy_moment,0.054148958006408066,151.3168374366589,155.0,3.732049819676782e-15,70.0,0.20265542050109064,True,9.151063954389416,1.4645871230436138,70.0,False,False,70,650,0.043648083053994924,5.04503048528624,3.57093272330717e-14,20166.788646291436,3005.3177846679873,True,,,,,,,,,,,
development_repeated_nested_cv,primary_instrument1_full,primary,1,3,4,development_combined,Raw FPLS,ok,,,17,inner_cv_mse,0.3159247509902343,94.9578831270203,,,,,,,,70.0,,False,70,650,,4.839851210339588,3.971751702453893e-14,20989.00507874913,3047.8384050130844,True,0.0,,4503599627370496.0,4503599627370496.0,True,,,,,,
development_repeated_nested_cv,primary_instrument1_full,primary,1,3,4,development_combined,Arnoldi FPLS,ok,,,4,inner_cv_mse,0.3360546260373667,102.73228424839358,,,,,,,,70.0,,False,70,650,,4.635667615359592,4.2996945035739395e-14,21081.37925263676,3041.051283502053,True,0.0,,1.0000000000000002,8.549421031676825,False,70.0,70.0,False,4.886060025898924e-16,,
development_repeated_nested_cv,primary_instrument1_full,primary,1,3,4,development_combined,FPCR,ok,,,19,response_gcv,0.04470275004860014,112.58080503203153,155.0,3.732049819676782e-15,,,,,,,,False,70,650,0.043648083053994924,4.39255372896103,3.261208966693793e-14,22304.644465931095,2940.4174348396186,True,,,,,,,,,,3.106216162187538e-05,832.4577011748629
development_repeated_nested_cv,primary_instrument1_full,primary,1,3,5,development_combined,CG-FPLS-code,ok,,,3,discrepancy_moment,0.05977470800280571,145.1280071136725,155.0,3.734286830713091e-15,69.0,0.20657715058045997,True,9.514623239693128,1.415438014534604,70.0,False,False,70,650,0.046047915995586663,5.4394887839536175,1.8219044506669237e-14,18916.2114279911,2798.5312420930513,True,,,,,,,,,,,
development_repeated_nested_cv,primary_instrument1_full,primary,1,3,5,development_combined,Raw FPLS,ok,,,48,inner_cv_mse,0.32046858401736245,131.14058427512617,,,,,,,,70.0,,False,70,650,,4.340056754646958,2.7692947650137237e-14,21399.757680927625,2911.64822101593,True,0.0,,4503599627370496.0,4503599627370496.0,True,,,,,,
development_repeated_nested_cv,primary_instrument1_full,primary,1,3,5,development_combined,Arnoldi FPLS,ok,,,5,inner_cv_mse,0.4060731659992598,128.3503149536491,,,,,,,,70.0,,False,70,650,,4.335251046859856,2.7328566760003854e-14,21339.17592504728,2910.110329497339,True,0.0,,1.0000000000000007,12.473941595250269,False,70.0,70.0,False,4.61238244917064e-16,,
development_repeated_nested_cv,primary_instrument1_full,primary,1,3,5,development_combined,FPCR,ok,,,14,response_gcv,0.04770525003550574,120.02795613549713,155.0,3.734286830713091e-15,,,,,,,,False,70,650,0.046047915995586663,4.403822985405557,3.80778030189387e-14,21667.87888035405,2819.8357053420978,True,,,,,,,,,,4.6396075480741355e-05,557.6643019258729
development_repeated_nested_cv,primary_instrument1_full,primary,1,4,1,development_combined,CG-FPLS-code,ok,,,3,discrepancy_moment,0.05032737506553531,160.39521325574438,155.0,3.716986357279644e-15,68.0,0.21735161311197201,True,10.572593719101558,1.4291123889757362,70.0,False,False,70,650,0.038791917031630874,5.419545414066426,2.4960090974136852e-14,19151.547494859886,2828.0346810903666,True,,,,,,,,,,,
development_repeated_nested_cv,primary_instrument1_full,primary,1,4,1,development_combined,Raw FPLS,ok,,,14,inner_cv_mse,0.27964591601630673,131.19959174612276,,,,,,,,70.0,,False,70,650,,4.417337581169713,3.9170945689338856e-14,21385.480580986125,3039.71988594532,True,0.0,,4503599627370496.0,4503599627370496.0,True,,,,,,
development_repeated_nested_cv,primary_instrument1_full,primary,1,4,1,development_combined,Arnoldi FPLS,ok,,,5,inner_cv_mse,0.30157233407953754,134.74466369912102,,,,,,,,70.0,,False,70,650,,4.427107906525758,3.9170945689338856e-14,21445.81556038213,3047.1789569599837,True,0.0,,1.0000000000000007,12.583811123147392,False,70.0,70.0,False,3.5846094690926687e-16,,
development_repeated_nested_cv,primary_instrument1_full,primary,1,4,1,development_combined,FPCR,ok,,,7,response_gcv,0.03982404206180945,129.133324734545,155.0,3.716986357279644e-15,,,,,,,,False,70,650,0.038791917031630874,4.73419062469578,4.099285014000578e-14,21037.85426177402,2869.2122549772284,True,,,,,,,,,,0.00013378768119417606,192.49580005214005
development_repeated_nested_cv,primary_instrument1_full,primary,1,4,2,development_combined,CG-FPLS-code,ok,,,3,discrepancy_moment,0.03883099998347461,172.1195506511494,155.0,3.562478276801158e-15,70.0,0.17712377323380987,True,7.233956508860459,1.3125883970879202,70.0,False,False,70,650,0.030151000013574958,5.6414347793775645,6.139817998747532e-14,18347.85892448901,2749.382732739871,True,,,,,,,,,,,
development_repeated_nested_cv,primary_instrument1_full,primary,1,4,2,development_combined,Raw FPLS,ok,,,58,inner_cv_mse,0.2814222919405438,138.2857062086162,,,,,,,,70.0,,False,70,650,,3.973282692300707,7.943503404907786e-14,21692.137511784815,2908.6764903366566,True,0.0,,4503599627370496.0,4503599627370496.0,True,,,,,,
development_repeated_nested_cv,primary_instrument1_full,primary,1,4,2,development_combined,Arnoldi FPLS,ok,,,6,inner_cv_mse,0.2943209999939427,125.15452297568308,,,,,,,,70.0,,False,70,650,,3.663219173119372,7.907065315894448e-14,22829.422044069066,3282.511281231025,True,0.0,,1.0000000000000007,19.63134567426777,False,70.0,70.0,False,4.794766493651255e-16,,
development_repeated_nested_cv,primary_instrument1_full,primary,1,4,2,development_combined,FPCR,ok,,,57,response_gcv,0.030983750068116933,75.70571027172123,155.0,3.562478276801158e-15,,,,,,,,False,70,650,0.030151000013574958,2.7766241935320544,3.297647055707132e-14,55124.0563707314,15314.269021917662,True,,,,,,,,,,4.483862377205291e-07,55048.611391822466
development_repeated_nested_cv,primary_instrument1_full,primary,1,4,3,development_combined,CG-FPLS-code,ok,,,3,discrepancy_moment,0.03851854195818305,153.1738687057838,155.0,3.925711341940292e-15,70.0,0.21928962299068813,True,10.469063268453755,1.619307235408286,70.0,False,False,70,650,0.02981149998959154,5.819092194873711,9.200617475867964e-14,18640.835143322798,2854.2346196184108,True,,,,,,,,,,,
development_repeated_nested_cv,primary_instrument1_full,primary,1,4,3,development_combined,Raw FPLS,ok,,,6,inner_cv_mse,0.23969808500260115,132.69840848465384,,,,,,,,70.0,,False,70,650,,4.654546541744555,1.1168274282588241e-13,21436.93027710407,2973.2454026937485,True,0.0,,846791272.1826216,13899657819.384254,True,,,,,,
development_repeated_nested_cv,primary_instrument1_full,primary,1,4,3,development_combined,Arnoldi FPLS,ok,,,5,inner_cv_mse,0.2526760410401039,133.65948346346607,,,,,,,,70.0,,False,70,650,,4.65343206493624,1.1150055238081572e-13,21467.46549460135,2972.8219390202366,True,0.0,,1.0000000000000004,12.677209840926855,False,70.0,70.0,False,4.536741367806068e-16,,
development_repeated_nested_cv,primary_instrument1_full,primary,1,4,3,development_combined,FPCR,ok,,,12,response_gcv,0.030622249993029982,134.7088797973555,155.0,3.925711341940292e-15,,,,,,,,False,70,650,0.02981149998959154,4.8160717381806295,1.1824159884828335e-13,21564.599523203964,2786.9365859354616,True,,,,,,,,,,5.4190558747216756e-05,501.9276858850782
development_repeated_nested_cv,primary_instrument1_full,primary,1,4,4,development_combined,CG-FPLS-code,ok,,,3,discrepancy_moment,0.03937112499261275,165.7555559668697,155.0,3.629290525237325e-15,70.0,0.18969167593335587,True,8.297400109178062,1.4924746091133894,70.0,False,False,70,650,0.030245999980252236,5.761008043705799,4.4454468596272935e-14,18698.021358966264,2843.93211124294,True,,,,,,,,,,,
development_repeated_nested_cv,primary_instrument1_full,primary,1,4,4,development_combined,Raw FPLS,ok,,,57,inner_cv_mse,0.24511624895967543,102.9277866143011,,,,,,,,70.0,,False,70,650,,4.277757851999472,5.119551506374055e-14,22179.04504071259,3143.785001575947,True,0.0,,4503599627370496.0,4503599627370496.0,True,,,,,,
development_repeated_nested_cv,primary_instrument1_full,primary,1,4,4,development_combined,Arnoldi FPLS,ok,,,5,inner_cv_mse,0.2580523739452474,99.24318475833545,,,,,,,,70.0,,False,70,650,,4.260117218733678,5.2288657734140703e-14,21969.36825199593,3125.4726275546655,True,0.0,,1.0000000000000004,12.993828071047835,False,70.0,70.0,False,4.580812072102887e-16,,
development_repeated_nested_cv,primary_instrument1_full,primary,1,4,4,development_combined,FPCR,ok,,,44,response_gcv,0.031074457976501435,-22.28693637888611,155.0,3.629290525237325e-15,,,,,,,,False,70,650,0.030245999980252236,3.3614419055050226,2.3684757858670007e-14,31342.66567008738,9075.253900339312,True,,,,,,,,,,3.6611697309799382e-06,6868.284711040137
development_repeated_nested_cv,primary_instrument1_full,primary,1,4,5,development_combined,CG-FPLS-code,ok,,,3,discrepancy_moment,0.03792820801027119,101.84125559604924,155.0,3.3633394596175342e-15,70.0,0.19283822521247565,True,9.043260142972402,1.3952791976103927,70.0,False,False,70,650,0.029391332995146513,5.166035531886869,6.850360734507632e-14,19723.681240077447,3043.9398126088126,True,,,,,,,,,,,
development_repeated_nested_cv,primary_instrument1_full,primary,1,4,5,development_combined,Raw FPLS,ok,,,15,inner_cv_mse,0.23224799911258742,112.59509314615038,,,,,,,,70.0,,False,70,650,,4.344245290587577,7.65199869280108e-14,21503.1775058146,3190.3703764081,True,0.0,,4503599627370496.0,4503599627370496.0,True,,,,,,
development_repeated_nested_cv,primary_instrument1_full,primary,1,4,5,development_combined,Arnoldi FPLS,ok,,,5,inner_cv_mse,0.24728233402129263,112.59322548071117,,,,,,,,70.0,,False,70,650,,4.343661160234607,7.815970093361102e-14,21503.87794015772,3190.4075018532726,True,0.0,,1.0000000000000004,11.001464980236598,False,70.0,70.0,False,4.800156896804147e-16,,
development_repeated_nested_cv,primary_instrument1_full,primary,1,4,5,development_combined,FPCR,ok,,,30,response_gcv,0.030202875030227005,86.57735707025832,155.0,3.3633394596175342e-15,,,,,,,,False,70,650,0.029391332995146513,3.9381211579589084,8.726922318694564e-14,24534.42780364224,4238.5425644850775,True,,,,,,,,,,1.6176965805330604e-05,1440.5225229436323
development_repeated_nested_cv,primary_instrument1_full,primary,1,5,1,development_combined,CG-FPLS-code,ok,,,3,discrepancy_moment,0.03921137598808855,142.1307050874026,155.0,3.830431444413716e-15,70.0,0.18551001537773718,True,7.596913792560629,1.4518246017107315,70.0,False,False,70,650,0.030474792001768947,4.961841653725437,8.198570028001156e-14,20001.205298334804,3010.338988173136,True,,,,,,,,,,,
development_repeated_nested_cv,primary_instrument1_full,primary,1,5,1,development_combined,Raw FPLS,ok,,,6,inner_cv_mse,0.30396187398582697,111.64862201768814,,,,,,,,70.0,,False,70,650,,4.023377047002694,1.0931426704001542e-13,22263.379829561338,3202.455388009548,True,0.0,,836524930.3782935,12977595928.91119,True,,,,,,
development_repeated_nested_cv,primary_instrument1_full,primary,1,5,1,development_combined,Arnoldi FPLS,ok,,,6,inner_cv_mse,0.2662152530392632,81.58111114555655,,,,,,,,70.0,,False,70,650,,3.7371169472670265,1.1350464727654934e-13,23177.73661498802,3306.32182335506,True,0.0,,1.0000000000000007,20.801834401699004,False,70.0,70.0,False,4.940681934690962e-16,,
development_repeated_nested_cv,primary_instrument1_full,primary,1,5,1,development_combined,FPCR,ok,,,39,response_gcv,0.03128637501504272,57.0764387396367,155.0,3.830431444413716e-15,,,,,,,,False,70,650,0.030474792001768947,3.3201318364202685,1.4666330827868736e-13,27897.81999368185,6370.147525064882,True,,,,,,,,,,7.743496520203362e-06,3427.3385376154833
development_repeated_nested_cv,primary_instrument1_full,primary,1,5,2,development_combined,CG-FPLS-code,ok,,,3,discrepancy_moment,0.03949583397479728,179.63395685697643,155.0,3.1611155391789843e-15,70.0,0.1923362886180523,True,9.352838182116047,1.405957388325454,70.0,False,False,70,650,0.030822374974377453,5.8322104592824,4.973799150320701e-14,17993.04018751336,2701.258198079192,True,,,,,,,,,,,
development_repeated_nested_cv,primary_instrument1_full,primary,1,5,2,development_combined,Raw FPLS,ok,,,41,inner_cv_mse,0.24831420904956758,137.07622950162192,,,,,,,,70.0,,False,70,650,,4.2602263394708375,5.4110562184807627e-14,21523.146465794576,3012.7645054869354,True,0.0,,4503599627370496.0,4503599627370496.0,True,,,,,,
development_repeated_nested_cv,primary_instrument1_full,primary,1,5,2,development_combined,Arnoldi FPLS,ok,,,5,inner_cv_mse,0.2659326670691371,135.70208081891417,,,,,,,,70.0,,False,70,650,,4.249775212578801,5.4292752629874325e-14,21511.386711811974,3011.5022709110535,True,0.0,,1.0000000000000004,12.011466649016324,False,70.0,70.0,False,5.899961501028649e-16,,
development_repeated_nested_cv,primary_instrument1_full,primary,1,5,2,development_combined,FPCR,ok,,,18,response_gcv,0.031642124988138676,125.19538878273471,155.0,3.1611155391789843e-15,,,,,,,,False,70,650,0.030822374974377453,4.216324057002681,5.465713352000771e-14,22264.782320536953,2828.9802812127878,True,,,,,,,,,,3.270313280842472e-05,669.7264165305849
development_repeated_nested_cv,primary_instrument1_full,primary,1,5,3,development_combined,CG-FPLS-code,ok,,,3,discrepancy_moment,0.03823241591453552,153.22243859443697,155.0,3.9123722795467754e-15,70.0,0.20753066540439244,True,9.287046301544018,1.4970248523484877,70.0,False,False,70,650,0.029645165952388197,5.821918414928891,2.6599804979737084e-14,18475.935489530588,2757.108126347884,True,,,,,,,,,,,
development_repeated_nested_cv,primary_instrument1_full,primary,1,5,3,development_combined,Raw FPLS,ok,,,67,inner_cv_mse,0.23440533195389435,123.31763490005929,,,,,,,,70.0,,False,70,650,,4.4416036439694615,2.8239518985337316e-14,21441.074567269898,3036.4566952884197,True,0.0,,4503599627370496.0,4503599627370496.0,True,,,,,,
development_repeated_nested_cv,primary_instrument1_full,primary,1,5,3,development_combined,Arnoldi FPLS,ok,,,5,inner_cv_mse,0.24826595798367634,124.72617716892688,,,,,,,,70.0,,False,70,650,,4.441136426531933,2.7328566760003854e-14,21467.40945584431,3039.9777105402272,True,0.0,,1.0000000000000004,11.502880840014614,False,70.0,70.0,False,4.2751564787335316e-16,,
development_repeated_nested_cv,primary_instrument1_full,primary,1,5,3,development_combined,FPCR,ok,,,7,response_gcv,0.030438249930739403,116.85593937520677,155.0,3.9123722795467754e-15,,,,,,,,False,70,650,0.029645165952388197,4.785466315491043,3.170113744160447e-14,21050.431755557107,2893.4797701682146,True,,,,,,,,,,0.00010828775725148594,250.32673324822065
development_repeated_nested_cv,primary_instrument1_full,primary,1,5,4,development_combined,CG-FPLS-code,ok,,,3,discrepancy_moment,0.0388618329889141,136.07809567789974,155.0,3.620557718761864e-15,70.0,0.1956913436317931,True,8.8406109590031,1.3576678908960507,70.0,False,False,70,650,0.03010224999161437,5.2950106469870475,7.925284360401117e-14,19504.40167074136,2941.7273989343857,True,,,,,,,,,,,
development_repeated_nested_cv,primary_instrument1_full,primary,1,5,4,development_combined,Raw FPLS,ok,,,10,inner_cv_mse,0.2452816670993343,123.49853433098063,,,,,,,,70.0,,False,70,650,,4.316945981598044,9.29171269840131e-14,21560.74416537831,2948.7404959201813,True,0.0,,4503599627370496.0,4451541191652270.5,True,,,,,,
development_repeated_nested_cv,primary_instrument1_full,primary,1,5,4,development_combined,Arnoldi FPLS,ok,,,6,inner_cv_mse,0.25681670691119507,112.47471897166452,,,,,,,,70.0,,False,70,650,,3.950650844341933,9.473903143468003e-14,23247.927118595715,2904.7031117732713,True,0.0,,1.0000000000000007,21.192873708662983,False,70.0,70.0,False,4.528055794772271e-16,,
development_repeated_nested_cv,primary_instrument1_full,primary,1,5,4,development_combined,FPCR,ok,,,47,response_gcv,0.030920707969926298,108.78088856037003,155.0,3.620557718761864e-15,,,,,,,,False,70,650,0.03010224999161437,3.3368201820361185,6.941455957040979e-14,33052.70958329419,5399.683063924927,True,,,,,,,,,,2.8998522522287976e-06,8650.59584199215
development_repeated_nested_cv,primary_instrument1_full,primary,1,5,5,development_combined,CG-FPLS-code,ok,,,3,discrepancy_moment,0.03945941699203104,140.70725148833517,155.0,3.688315448169583e-15,70.0,0.21119115548385245,True,10.132985167078255,1.534699031261932,70.0,False,False,70,650,0.03082587500102818,5.777132714620221,4.882703927787355e-14,18716.096306890162,2907.7783844512737,True,,,,,,,,,,,
development_repeated_nested_cv,primary_instrument1_full,primary,1,5,5,development_combined,Raw FPLS,ok,,,36,inner_cv_mse,0.24046595994150266,121.0374195076701,,,,,,,,70.0,,False,70,650,,4.638071133853961,6.158037043254201e-14,21381.472828494156,3081.4525348637253,True,0.0,,4503599627370496.0,4503599627370496.0,True,,,,,,
development_repeated_nested_cv,primary_instrument1_full,primary,1,5,5,development_combined,Arnoldi FPLS,ok,,,5,inner_cv_mse,0.2548181670717895,119.6100445860432,,,,,,,,70.0,,False,70,650,,4.6360352725159935,6.212694176774209e-14,21353.293117078196,3081.050419973707,True,0.0,,1.0000000000000002,12.009901828241988,False,70.0,70.0,False,3.2657176018390155e-16,,
development_repeated_nested_cv,primary_instrument1_full,primary,1,5,5,development_combined,FPCR,ok,,,13,response_gcv,0.03168149996781722,119.48797174313052,155.0,3.688315448169583e-15,,,,,,,,False,70,650,0.03082587500102818,4.741680419378432,6.267351310294217e-14,21538.352520099288,2787.823375580885,True,,,,,,,,,,5.183593346425425e-05,492.996177269607
development_source_contiguous_cv,primary_instrument1_full,primary,1,1,1,development_combined,CG-FPLS-code,ok,,,3,discrepancy_moment,0.03816087596351281,144.63852042263596,155.0,4.091510916324991e-15,70.0,0.20700698426087377,True,8.894670088745121,1.635515644167576,70.0,False,False,70,650,0.029691541974898428,5.769757407336172,7.61556060378774e-14,18006.951348229275,2772.9363330420574,True,,,,,,,,,,,
development_source_contiguous_cv,primary_instrument1_full,primary,1,1,1,development_combined,Raw FPLS,ok,,,10,inner_cv_mse,0.24392899899976328,116.94870982271165,,,,,,,,70.0,,False,70,650,,4.398943770448434,8.58116996264121e-14,21084.756488217045,2962.857088267803,True,0.0,,4503599627370496.0,4447376433765273.0,True,,,,,,
development_source_contiguous_cv,primary_instrument1_full,primary,1,1,1,development_combined,Arnoldi FPLS,ok,,,5,inner_cv_mse,0.25547558203106746,120.81704565310234,,,,,,,,70.0,,False,70,650,,4.395456695334529,8.799798496721241e-14,21162.085539609147,2961.5965151046466,True,0.0,,1.0000000000000009,13.175245526790304,False,70.0,70.0,False,5.491368737548741e-16,,
development_source_contiguous_cv,primary_instrument1_full,primary,1,1,1,development_combined,FPCR,ok,,,7,response_gcv,0.0304850839311257,108.33105750907085,155.0,4.091510916324991e-15,,,,,,,,False,70,650,0.029691541974898428,4.749202929120675,9.437465054454665e-14,20696.13066184095,2943.9054211361336,True,,,,,,,,,,0.00013148594824912373,215.6010091807995
development_source_contiguous_cv,primary_instrument1_full,primary,1,1,2,development_combined,CG-FPLS-code,ok,,,3,discrepancy_moment,0.039310958003625274,143.12780951707916,155.0,3.71251773703055e-15,68.0,0.22037872062785402,True,10.912234555524625,1.3585011382562693,70.0,False,False,70,650,0.03056704200571403,5.660181933140294,7.633779648294409e-14,18941.148330022883,2814.891612078868,True,,,,,,,,,,,
development_source_contiguous_cv,primary_instrument1_full,primary,1,1,2,development_combined,Raw FPLS,ok,,,64,inner_cv_mse,0.2422632910311222,119.26063869288612,,,,,,,,70.0,,False,70,650,,4.65985007452033,9.656093588534695e-14,21237.98861223706,2904.450886696577,True,0.0,,4503599627370496.0,4503599627370496.0,True,,,,,,
development_source_contiguous_cv,primary_instrument1_full,primary,1,1,2,development_combined,Arnoldi FPLS,ok,,,5,inner_cv_mse,0.25836541689932346,125.07460174732888,,,,,,,,70.0,,False,70,650,,4.653293769476296,9.801845944588049e-14,21345.602681690736,2910.9853917392693,True,0.0,,1.0000000000000002,12.123836087868337,False,70.0,70.0,False,5.60793449913984e-16,,
development_source_contiguous_cv,primary_instrument1_full,primary,1,1,2,development_combined,FPCR,ok,,,23,response_gcv,0.0313797919661738,105.70837223449624,155.0,3.71251773703055e-15,,,,,,,,False,70,650,0.03056704200571403,4.418657304073724,7.032551179574325e-14,23345.23875715904,4042.9153843473246,True,,,,,,,,,,2.359502951321868e-05,1090.1705109433678
development_source_contiguous_cv,primary_instrument1_full,primary,1,1,3,development_combined,CG-FPLS-code,ok,,,3,discrepancy_moment,0.03830633306642994,116.71425399887758,155.0,3.928998009227297e-15,70.0,0.22299058283670967,True,10.63641057113539,1.391943360742741,70.0,False,False,70,650,0.02971258305478841,5.403603006814905,5.95762755368084e-14,19916.79835773185,2881.758099627149,True,,,,,,,,,,,
development_source_contiguous_cv,primary_instrument1_full,primary,1,1,3,development_combined,Raw FPLS,ok,,,47,inner_cv_mse,0.23252004204550758,155.51114762268034,,,,,,,,70.0,,False,70,650,,4.644017617864087,5.97584659818751e-14,21763.935303094444,3072.2302856892347,True,0.0,,4503599627370496.0,4503599627370496.0,True,,,,,,
development_source_contiguous_cv,primary_instrument1_full,primary,1,1,3,development_combined,Arnoldi FPLS,ok,,,4,inner_cv_mse,0.25231079186778516,115.25625941642615,,,,,,,,70.0,,False,70,650,,4.769920404998466,6.066941820720855e-14,21226.481802794173,2981.572618137363,True,0.0,,1.0000000000000004,10.435172331033723,False,70.0,70.0,False,6.700240463888823e-16,,
development_source_contiguous_cv,primary_instrument1_full,primary,1,1,3,development_combined,FPCR,ok,,,7,response_gcv,0.030522458080668002,119.2681454296233,155.0,3.928998009227297e-15,,,,,,,,False,70,650,0.02971258305478841,4.982690459150771,6.285570354800887e-14,21089.453425923504,3006.4879868897183,True,,,,,,,,,,0.00012980764872880262,209.714250793715
development_source_contiguous_cv,primary_instrument1_full,primary,1,1,4,development_combined,CG-FPLS-code,ok,,,3,discrepancy_moment,0.04077112500090152,147.97648079186746,155.0,3.3980864715410475e-15,69.0,0.19644372032913182,True,9.219767048840572,1.2107589801647634,70.0,False,False,70,650,0.031893957988359034,5.5206682571193735,7.14186544661434e-14,19093.38446768079,2798.494686592065,True,,,,,,,,,,,
development_source_contiguous_cv,primary_instrument1_full,primary,1,1,4,development_combined,Raw FPLS,ok,,,17,inner_cv_mse,0.24012799805495888,100.68869408979306,,,,,,,,70.0,,False,70,650,,4.459574514850497,8.726922318694564e-14,21360.89178079724,2998.981513977051,True,0.0,,4503599627370496.0,4503599627370496.0,True,,,,,,
development_source_contiguous_cv,primary_instrument1_full,primary,1,1,4,development_combined,Arnoldi FPLS,ok,,,5,inner_cv_mse,0.2600322919897735,122.80954852721312,,,,,,,,70.0,,False,70,650,,4.324824796019773,8.927331808267925e-14,21766.65911816865,3035.299247660046,True,0.0,,1.0000000000000002,11.413788119458204,False,70.0,70.0,False,5.156339350634708e-16,,
development_source_contiguous_cv,primary_instrument1_full,primary,1,1,4,development_combined,FPCR,ok,,,7,response_gcv,0.03271912399213761,114.27576982384352,155.0,3.3980864715410475e-15,,,,,,,,False,70,650,0.031893957988359034,4.567499238740223,9.656093588534695e-14,21504.61940277748,2803.7609668538826,True,,,,,,,,,,0.0001109250035983974,212.25180521221006
development_source_contiguous_cv,primary_instrument1_full,primary,1,1,5,development_combined,CG-FPLS-code,ok,,,3,discrepancy_moment,0.03738504205830395,187.1715721662886,155.0,3.0788092419813012e-15,70.0,0.13273771216098795,True,4.720303185812461,1.6434592873785492,70.0,False,False,70,650,0.028913917019963264,5.954463364315034,-1.8219044506669234e-15,17342.385415575907,2825.162739586627,True,,,,,,,,,,,
development_source_contiguous_cv,primary_instrument1_full,primary,1,1,5,development_combined,Raw FPLS,ok,,,51,inner_cv_mse,0.23352295602671802,101.50758455826646,,,,,,,,70.0,,False,70,650,,3.577674156613387,7.834189137867772e-15,21988.229243227077,3328.0023908615112,True,0.0,,4503599627370496.0,4503599627370496.0,True,,,,,,
development_source_contiguous_cv,primary_instrument1_full,primary,1,1,5,development_combined,Arnoldi FPLS,ok,,,8,inner_cv_mse,0.2507966260891408,82.65607330521317,,,,,,,,70.0,,False,70,650,,2.7922625181015577,-4.099285014000578e-14,26250.785261814024,3513.1584485499743,True,0.0,,1.0000000000000009,30.653492695439482,False,70.0,70.0,False,8.309642300610119e-16,,
development_source_contiguous_cv,primary_instrument1_full,primary,1,1,5,development_combined,FPCR,ok,,,46,response_gcv,0.02971141698071733,42.78951522154509,155.0,3.0788092419813012e-15,,,,,,,,False,70,650,0.028913917019963264,2.555225446234485,-9.109522253334618e-14,31536.20233802858,5974.874465820906,True,,,,,,,,,,2.5892247576468554e-06,8238.714407576816
original_split_sensitivity,primary_instrument1_full,primary,1,1,1,validation_split_local,CG-FPLS-code,ok,,,3,discrepancy_moment,0.04419649997726083,191.41338064578304,154.0,4.010848069445847e-15,70.0,0.22460697906105828,True,10.519829811633791,1.8442011075056883,70.0,False,False,70,650,0.03490816697012633,6.956584854088038,2.1453806473272704e-14,17447.165816781267,2721.8119246933447,True,,,,,,,,,,,
original_split_sensitivity,primary_instrument1_full,primary,1,1,1,validation_split_local,Raw FPLS,ok,,,49,inner_cv_mse,0.25018904206808656,104.18887235297831,,,,,,,,70.0,,False,70,650,,4.599494386699643,2.1270440605979774e-14,21891.21201337275,3177.9979730844498,True,0.0,,4503599627370496.0,4503599627370496.0,True,,,,,,
original_split_sensitivity,primary_instrument1_full,primary,1,1,1,validation_split_local,Arnoldi FPLS,ok,,,5,inner_cv_mse,0.25792304310016334,121.30719438225033,,,,,,,,70.0,,False,70,650,,4.509751687568034,2.0903708871393915e-14,22233.42141223165,3219.553183041089,True,0.0,,1.0000000000000004,12.121092787585592,False,70.0,70.0,False,3.384066813437898e-16,,
original_split_sensitivity,primary_instrument1_full,primary,1,1,1,validation_split_local,FPCR,ok,,,7,response_gcv,0.03649575001327321,114.7706055953833,154.0,4.010848069445847e-15,,,,,,,,False,70,650,0.03490816697012633,4.818233462429607,2.218726994244442e-14,21867.97766587856,3018.951473319686,True,,,,,,,,,,0.00012685646372085355,219.06350315065245
