model,method,distribution_scope,replications,s,true,mean,bias,variance,standard_deviation,median,p025,p975,minimum,maximum,skewness,excess_kurtosis
Model 1,CG-FPLS-code,all replications,5000,0.0,5.55016160288541,4.622056331057375,-0.9281052718280351,1.0459694287404468,1.0227264681919828,4.610220928546694,2.588720888261634,6.597995682341178,0.7983110732932899,8.340052888426216,-0.03273723725068314,-0.03110806761013185
Model 1,CG-FPLS-code,all replications,5000,0.25,3.648478985142894,3.757430376978945,0.1089513918360514,0.46113096595036795,0.6790662456273084,3.7767588163621024,2.381913980762175,5.083361166181953,1.297216875436857,6.139407252505716,-0.0835249817608554,0.01715678290375644
Model 1,CG-FPLS-code,all replications,5000,0.5,3.2321962748523645,3.377283969222693,0.14508769437032853,0.5152921325593633,0.7178385142630362,3.402557899132681,1.9578794373942137,4.721829979514813,0.15996659789128856,5.729914204092136,-0.15149035744412764,-0.03240594742293945
Model 1,CG-FPLS-code,all replications,5000,0.75,4.11522404011495,3.9158022763810147,-0.19942176373393528,0.4626561768308151,0.6801883392346675,3.9139582016628127,2.566044901042461,5.224153640969061,0.6485026604162559,6.252110694668668,-0.06294216213012327,0.1270956521887472
Model 1,CG-FPLS-code,all replications,5000,1.0,4.667159596791722,4.350309809630673,-0.3168497871610487,0.98800814373047,0.993985987693222,4.363261374721201,2.381070454839818,6.275279949319968,0.5167445794974485,7.7079860573313885,-0.03952879111673157,-0.07393578287547697
Model 1,Raw FPLS,archived numerically stable raw fits,4980,0.0,5.55016160288541,5.397766382466139,-0.15239522041927156,1.2980942041480967,1.1393393718063538,5.394552258514157,3.272366550526444,7.679540251682192,-1.759343023649079,11.940954745650298,0.04777332905774051,2.2991764917717195
Model 1,Raw FPLS,archived numerically stable raw fits,4980,0.25,3.648478985142894,3.603907754044138,-0.044571231098755604,0.6331695695728473,0.7957195294655318,3.628065297458183,2.059184258162949,5.094380370171367,-2.3451002948755093,7.952301628596585,-0.25455966976232025,2.626681553498951
Model 1,Raw FPLS,archived numerically stable raw fits,4980,0.5,3.2321962748523645,3.1000354031006068,-0.13216087175175772,0.6572508903252411,0.8107101148531706,3.0936673854579277,1.5966109882405186,4.706928832317531,-2.3110477827553737,8.696925530669303,0.006491727063131128,2.6691657135805595
Model 1,Raw FPLS,archived numerically stable raw fits,4980,0.75,4.11522404011495,4.034488158812165,-0.0807358813027852,0.6491178994268738,0.8056785335522313,4.035504884106202,2.4741076921653624,5.521897883060738,-2.061105540590221,12.434450742030773,0.2368313267682599,5.78012758012029
Model 1,Raw FPLS,archived numerically stable raw fits,4980,1.0,4.667159596791722,4.6714274116873105,0.004267814895588806,1.2544156780300613,1.1200069990986936,4.690655325753982,2.47764111570454,6.781833062857201,-1.782258037384917,14.62582091286477,0.0644413126267981,3.1678340158744724
Model 1,Arnoldi FPLS,all replications,5000,0.0,5.55016160288541,5.396858586887152,-0.15330301599825802,1.3600673165038895,1.1662192403248581,5.395030034342367,3.2305322884526637,7.688239348313888,-3.0866609058454633,14.758048557457098,0.02591312923176781,3.8654777964664966
Model 1,Arnoldi FPLS,all replications,5000,0.25,3.648478985142894,3.607308214263502,-0.04117077087939203,0.6927180982212351,0.832296881059418,3.6280652974602168,2.0468445257068124,5.117995796958639,-2.981437315329892,12.375948776512239,0.07469789950666178,7.181765322078977
Model 1,Arnoldi FPLS,all replications,5000,0.5,3.2321962748523645,3.1000020473625503,-0.13219422748981424,0.6833188604095647,0.8266310303935878,3.092271506786423,1.5723280917876752,4.733799018592036,-2.7350933404152187,8.696923651509577,0.0035903164994238548,3.244722420359377
Model 1,Arnoldi FPLS,all replications,5000,0.75,4.11522404011495,4.036189966703162,-0.07903407341178781,0.6923246808596452,0.8320605031244093,4.0357252148168214,2.457772335724238,5.5350140998234965,-2.060998243398996,15.214002099903633,0.6702541482998784,12.104387165680325
Model 1,Arnoldi FPLS,all replications,5000,1.0,4.667159596791722,4.673943951533838,0.00678435474211625,1.2921879795028361,1.1367444653495509,4.6896122810403735,2.459028220534726,6.817388615468063,-1.7822583720528735,14.626014654658306,0.1591015287774541,3.5297451582658486
Model 1,FPCR,all replications,5000,0.0,5.55016160288541,5.307574611438872,-0.2425869914465384,1.3123589601666366,1.1455823672554657,5.313470250493232,3.123823547619074,7.555078758242279,-1.3760499574918008,13.363782129827749,0.19360671605032714,2.2025207129132127
Model 1,FPCR,all replications,5000,0.25,3.648478985142894,3.593153737784516,-0.05532524735837763,0.6146376325856041,0.7839882860002464,3.6000458999254863,2.090468647992778,5.108036497050511,-3.1208959010301918,7.947533994675139,-0.20369011258155945,2.2605064764875795
Model 1,FPCR,all replications,5000,0.5,3.2321962748523645,3.1619362365899453,-0.07026003826241922,0.6194568990299535,0.7870558423834699,3.1708742516751385,1.642612044743431,4.67771438503108,-3.4579580861391537,7.197238919950237,-0.20099155179307762,2.2374147607474075
Model 1,FPCR,all replications,5000,0.75,4.11522404011495,4.016353046751359,-0.09887099336359118,0.6199584456782818,0.7873743999383532,4.023407021069144,2.5152895261596813,5.553613694132399,-0.5421041288358454,7.657920762837805,-0.12783967564580548,1.2969382556824804
Model 1,FPCR,all replications,5000,1.0,4.667159596791722,4.59716662848843,-0.06999296830329182,1.2325686089573322,1.1102110650490438,4.587639496511562,2.480785995869533,6.736288868771262,-1.7518988649380194,10.784256710945018,0.14634506595399227,1.3840004366916254
Model 2,CG-FPLS-code,all replications,5000,0.0,26.808409035918107,24.89638665489814,-1.9120223810199661,7.6428778520908525,2.7645755283751705,24.899250609549323,19.411349353576004,30.323085076715905,15.313113098212032,33.85574496742664,-0.06472867365820009,-0.0136681160950749
Model 2,CG-FPLS-code,all replications,5000,0.25,-9.611369501035597,-7.807369489901946,1.8040000111336507,4.298989215267048,2.073400399167283,-7.8382121537028,-11.80808856671624,-3.6261407371576118,-17.71540533710447,-0.447922643144145,0.04819347327497591,0.040367094442803175
Model 2,CG-FPLS-code,all replications,5000,0.5,3.9666189142163337,3.3533737421201555,-0.6132451720961782,3.800699143721994,1.9495381872951332,3.396180856353812,-0.4960789452440787,7.18647582802356,-3.8771594178032327,10.714651172618998,-0.029499865574847697,0.06605096092096208
Model 2,CG-FPLS-code,all replications,5000,0.75,6.333431424988685,5.915239352785812,-0.41819207220287336,3.9957468209491998,1.9989364224379924,5.900457459191799,2.056965453998627,9.799350796472849,-1.201687328662904,13.036484028831392,0.017940447953697317,0.03129187818735568
Model 2,CG-FPLS-code,all replications,5000,1.0,4.02728466950223,4.444453798710631,0.41716912920840077,7.351215815583058,2.71131256324,4.501923450142382,-0.7999957542039784,9.853693658484909,-4.77289631622267,15.808452099244409,0.022182307216555956,-0.019695496692488934
Model 2,Raw FPLS,archived numerically stable raw fits,4591,0.0,26.808409035918107,26.255847672208635,-0.5525613637094722,8.500312905632429,2.915529609802039,26.266595524421295,20.467960994868044,31.92720963175047,15.436312438482348,37.1409832970278,0.009551508351361431,0.24673215088941713
Model 2,Raw FPLS,archived numerically stable raw fits,4591,0.25,-9.611369501035597,-8.989139910129678,0.6222295909059188,4.907163261235412,2.2152117869936077,-8.986983143433504,-13.533486155101754,-4.610697349212323,-19.371388196264988,-1.2594587818427727,-0.09765791194225534,0.3475664288078546
Model 2,Raw FPLS,archived numerically stable raw fits,4591,0.5,3.9666189142163337,3.7222689497112764,-0.2443499645050573,4.708407988953247,2.1698866304379236,3.714078766216766,-0.5319026264222817,7.944725047097915,-6.014560069080277,13.128132901513421,-0.05537403235092298,0.41861094118073794
Model 2,Raw FPLS,archived numerically stable raw fits,4591,0.75,6.333431424988685,6.252493504310997,-0.08093792067768835,5.045090877853859,2.2461279745049834,6.257863035982206,1.9661243621732007,10.707331504291272,-4.109189379461502,14.918516281320457,0.01422135743094362,0.2072512496370238
Model 2,Raw FPLS,archived numerically stable raw fits,4591,1.0,4.02728466950223,4.041386361440156,0.014101691937925764,8.203713162104663,2.864212485501846,4.03621016478194,-1.6187830235202325,9.682842136916827,-6.79680967782259,14.603387039616303,0.004285255007182589,0.2077622333331237
Model 2,Arnoldi FPLS,all replications,5000,0.0,26.808409035918107,26.248873370389088,-0.5595356655290189,9.063029587425389,3.010486603096813,26.26820635566702,20.249813532896123,32.10479715596284,10.726157828599048,37.49173335525263,-0.0059967699406121245,0.4238857710542363
Model 2,Arnoldi FPLS,all replications,5000,0.25,-9.611369501035597,-8.99225302711072,0.6191164739248762,5.397122281202868,2.3231707387109686,-8.989462778227217,-13.691118844509038,-4.456115602284295,-19.371756356224534,7.61097979787375,0.025299444158444775,1.2149066775746666
Model 2,Arnoldi FPLS,all replications,5000,0.5,3.9666189142163337,3.7155420615281183,-0.25107685268821545,5.129279471756376,2.2647912645001913,3.7172458915593496,-0.7304096040329628,8.13315241266956,-6.024101008279736,23.252716540090073,0.08113156541926306,1.5904842029774322
Model 2,Arnoldi FPLS,all replications,5000,0.75,6.333431424988685,6.2498995404788396,-0.08353188450984561,5.378004673357462,2.319052537860551,6.262348186971032,1.7725905528810233,10.844732285089869,-4.622204403705065,14.918543772331802,-0.032102780903022717,0.37031210112005564
Model 2,Arnoldi FPLS,all replications,5000,1.0,4.02728466950223,4.021768668477969,-0.005516001024261641,8.806087118501944,2.9675052010909675,4.0012775547476265,-1.8801023643608938,9.869282082388812,-6.962994062519796,22.83523329864108,0.07181760355500887,0.5465889840221769
Model 2,FPCR,all replications,5000,0.0,26.808409035918107,25.903270829588333,-0.9051382063297737,8.84835114836056,2.974617815511862,25.86791927033744,20.07203805377994,31.82716269000148,14.355521660823714,35.7440574638557,-0.0039164377464059215,0.022706408471917516
Model 2,FPCR,all replications,5000,0.25,-9.611369501035597,-8.706543577033527,0.9048259240020702,5.025740397246729,2.241816316571616,-8.710169883930336,-13.162314196853375,-4.23488342159986,-17.061125579398684,0.8022389022022711,0.010216338074691392,0.10863808438157507
Model 2,FPCR,all replications,5000,0.5,3.9666189142163337,3.6737217763593297,-0.292897137857004,4.703549332670583,2.1687667769196812,3.696402112546206,-0.5823103488574356,7.804925681404196,-5.163683908795109,11.908386355395454,-0.0966665719057478,0.17549122493404434
Model 2,FPCR,all replications,5000,0.75,6.333431424988685,6.108942097199091,-0.22448932778959385,4.954537989538386,2.2258791498053943,6.132832801020861,1.7170323197262651,10.523551801764565,-4.848027377350393,15.150581638488447,-0.0013610083556586368,0.11000482375979104
Model 2,FPCR,all replications,5000,1.0,4.02728466950223,4.14747811343901,0.12019344393677933,8.569354969563209,2.927346062487865,4.113967018387519,-1.511612053852104,10.049399792211302,-6.035021953848932,17.335616834097888,0.08013667679679969,0.1601620775405146
Model 3,CG-FPLS-code,all replications,5000,0.0,5.55016160288541,5.294396696223045,-0.25576490666236484,0.7673377499782782,0.8759781675237563,5.3054836117720665,3.587760782408559,6.996105713556955,1.9804039985627169,8.344132961757706,-0.041060181754891026,0.06278604357218276
Model 3,CG-FPLS-code,all replications,5000,0.25,3.648478985142894,3.4844201485572457,-0.16405883658564813,0.38861881345976435,0.6233929847694505,3.48926023971607,2.2559253010319877,4.692150143157984,0.7845236696212491,5.7644052446761185,-0.0754479271263883,0.027939491042792586
Model 3,CG-FPLS-code,all replications,5000,0.5,3.2321962748523645,3.154273846600299,-0.07792242825206541,0.3913996755595216,0.6256194334893391,3.1628084145513453,1.9182553243647023,4.353648826233539,0.750029179687879,5.5662868674681505,-0.06289362691933367,0.07025854816743005
Model 3,CG-FPLS-code,all replications,5000,0.75,4.11522404011495,3.98452902125594,-0.13069501885901014,0.3952596213523633,0.6286967642292771,3.992013862580442,2.714804513888333,5.2074433760364105,1.67726431531471,6.3573975672282765,-0.04693557224990209,0.010155496507247008
Model 3,CG-FPLS-code,all replications,5000,1.0,4.667159596791722,4.562277028933732,-0.10488256785798988,0.8079829301207876,0.8988787071239298,4.5709275953330835,2.766796011543272,6.28647008252244,1.2683379816550966,7.548417196204217,-0.056512186248161414,0.07349077874478827
Model 3,Raw FPLS,archived numerically stable raw fits,4984,0.0,5.55016160288541,5.387801046508516,-0.1623605563768944,1.1012859891053446,1.0494217403433876,5.377454365863241,3.3704188989271113,7.4618323124993795,-1.4598085671048344,12.937248436812357,0.14950032076437905,3.484699400195886
Model 3,Raw FPLS,archived numerically stable raw fits,4984,0.25,3.648478985142894,3.5638260330221665,-0.08465295212072732,0.599405258180688,0.7742126698657728,3.556339683665122,2.1207553692455905,4.966902664564163,-2.423833934097062,13.967233972057313,0.5004798396512047,9.89030536183073
Model 3,Raw FPLS,archived numerically stable raw fits,4984,0.5,3.2321962748523645,3.1829171636202247,-0.049279111232139794,0.5531515690967261,0.7437416010260056,3.192107595437268,1.7380774989366752,4.5756054466816245,-3.655521116386462,7.726317018039574,-0.5663517781535345,5.46759694022683
Model 3,Raw FPLS,archived numerically stable raw fits,4984,0.75,4.11522404011495,4.055298313295584,-0.059925726819366254,0.5828993381092226,0.7634784463946723,4.047241750825582,2.646132832008889,5.495698453538694,-2.059214141497603,10.235254022219397,0.06292881851621643,5.010395513862363
Model 3,Raw FPLS,archived numerically stable raw fits,4984,1.0,4.667159596791722,4.626558358302142,-0.04060123848957975,1.138785116985869,1.0671387524524958,4.602488496799186,2.614607107866321,6.601472721929165,-1.4720477643864716,12.488560817127983,0.17492553824366794,3.7153355948636264
Model 3,Arnoldi FPLS,all replications,5000,0.0,5.55016160288541,5.38894718741924,-0.1612144154661701,1.1241946978008277,1.0602804807223547,5.377454365862729,3.356363489794292,7.466171405193529,-1.459782454486995,12.937281893190796,0.19837219200779393,3.7074410777020406
Model 3,Arnoldi FPLS,all replications,5000,0.25,3.648478985142894,3.5630507060988137,-0.08542827904408012,0.6379888257324208,0.7987420270227558,3.5554282207306667,2.091533985275896,4.9886821963454855,-4.894874667672781,13.968141846382606,0.32542898410066634,11.978707994248337
Model 3,Arnoldi FPLS,all replications,5000,0.5,3.2321962748523645,3.1823888543430794,-0.049807420509285105,0.5794138252011934,0.7611923706929763,3.192307188534526,1.7245792339472596,4.591259553137236,-3.6556046637383353,7.917237656180016,-0.6474290578024011,6.5040204775080035
Model 3,Arnoldi FPLS,all replications,5000,0.75,4.11522404011495,4.054730831331364,-0.060493208783586105,0.6033548875256259,0.7767592210753766,4.046572082143081,2.6326188569156987,5.513067454375402,-2.0596093024631035,10.23525402702706,0.09655294907020555,5.656733216736795
Model 3,Arnoldi FPLS,all replications,5000,1.0,4.667159596791722,4.626733357456888,-0.0404262393348338,1.1760361728340039,1.0844520149983603,4.60169491566314,2.6006189202363776,6.63717434949718,-3.940840000494944,12.488560808797075,0.1449644847677234,4.655991111206044
Model 3,FPCR,all replications,5000,0.0,5.55016160288541,5.388720385198825,-0.16144121768658515,1.1608648330306484,1.0774343752779787,5.370577407399901,3.318466220320273,7.495348778828029,-1.7779576733557423,11.946449760147209,0.16798924198122508,2.6831586139174597
Model 3,FPCR,all replications,5000,0.25,3.648478985142894,3.545884141228613,-0.10259484391428098,0.5346831675568872,0.7312203276420092,3.5507718559685215,2.0885173927124066,4.931211179166334,-0.008321093267373013,9.397627538695078,0.14252579094684145,2.6396414296452484
Model 3,FPCR,all replications,5000,0.5,3.2321962748523645,3.178089176201012,-0.05410709865135255,0.5447027314319112,0.7380397898703777,3.188017862299047,1.7468988303066688,4.604135346641876,-3.5416792715732663,7.543302636186761,-0.1736230251825386,2.920104282792927
Model 3,FPCR,all replications,5000,0.75,4.11522404011495,4.034804608712595,-0.08041943140235475,0.5557076309238367,0.7454580007779357,4.036245401171884,2.573447302257006,5.46830786873094,-0.6852174907136832,9.116286426328227,-0.13518289492527688,3.057746935575911
Model 3,FPCR,all replications,5000,1.0,4.667159596791722,4.607683509254668,-0.059476087537053246,1.197407511574818,1.0942611715558668,4.602221583100577,2.4283679990405735,6.6464738435051425,-4.021100126065964,11.826978600858153,-0.1798755842059291,3.3657654217799235
