model,n,delta,replications,alpha,calibration,test_engine,critical_value,power,mcse
Model 1,100,-1.0,5000,0.05,empirical,direct-moment,15.581942736312937,1.0,0.0
Model 1,100,-0.95,5000,0.05,empirical,direct-moment,15.581942736312937,0.9998,0.00019997999899988897
Model 1,100,-0.8999999999999999,5000,0.05,empirical,direct-moment,15.581942736312937,1.0,0.0
Model 1,100,-0.8499999999999999,5000,0.05,empirical,direct-moment,15.581942736312937,0.9994,0.0003463062228721987
Model 1,100,-0.7999999999999998,5000,0.05,empirical,direct-moment,15.581942736312937,0.9992,0.0003998399679871993
Model 1,100,-0.7499999999999998,5000,0.05,empirical,direct-moment,15.581942736312937,0.997,0.0007734339015067807
Model 1,100,-0.6999999999999997,5000,0.05,empirical,direct-moment,15.581942736312937,0.995,0.0009974968671630005
Model 1,100,-0.6499999999999997,5000,0.05,empirical,direct-moment,15.581942736312937,0.986,0.0016615655268450904
Model 1,100,-0.5999999999999996,5000,0.05,empirical,direct-moment,15.581942736312937,0.9728,0.002300441696718263
Model 1,100,-0.5499999999999996,5000,0.05,empirical,direct-moment,15.581942736312937,0.945,0.003224127789030703
Model 1,100,-0.49999999999999956,5000,0.05,empirical,direct-moment,15.581942736312937,0.9038,0.004170025419586791
Model 1,100,-0.4499999999999995,5000,0.05,empirical,direct-moment,15.581942736312937,0.836,0.005236487372275427
Model 1,100,-0.39999999999999947,5000,0.05,empirical,direct-moment,15.581942736312937,0.752,0.00610730709887754
Model 1,100,-0.3499999999999994,5000,0.05,empirical,direct-moment,15.581942736312937,0.6402,0.006787399502018428
Model 1,100,-0.2999999999999994,5000,0.05,empirical,direct-moment,15.581942736312937,0.513,0.007068677386894949
Model 1,100,-0.24999999999999933,5000,0.05,empirical,direct-moment,15.581942736312937,0.3756,0.006848717252157516
Model 1,100,-0.1999999999999993,5000,0.05,empirical,direct-moment,15.581942736312937,0.259,0.006195466084161869
Model 1,100,-0.14999999999999925,5000,0.05,empirical,direct-moment,15.581942736312937,0.1638,0.005233919372707226
Model 1,100,-0.0999999999999992,5000,0.05,empirical,direct-moment,15.581942736312937,0.1034,0.0043060060380821575
Model 1,100,-0.049999999999999156,5000,0.05,empirical,direct-moment,15.581942736312937,0.0628,0.0034309229079068507
Model 1,100,0.0,5000,0.05,empirical,direct-moment,15.581942736312937,0.0508,0.0031054584202658392
Model 1,100,0.05000000000000093,5000,0.05,empirical,direct-moment,15.581942736312937,0.0604,0.0033690307211422105
Model 1,100,0.10000000000000098,5000,0.05,empirical,direct-moment,15.581942736312937,0.1036,0.004309687691701105
Model 1,100,0.15000000000000102,5000,0.05,empirical,direct-moment,15.581942736312937,0.1752,0.005375964285595654
Model 1,100,0.20000000000000107,5000,0.05,empirical,direct-moment,15.581942736312937,0.2614,0.006214017058232138
Model 1,100,0.2500000000000011,5000,0.05,empirical,direct-moment,15.581942736312937,0.3788,0.006860183087935773
Model 1,100,0.30000000000000115,5000,0.05,empirical,direct-moment,15.581942736312937,0.4992,0.007071058760892883
Model 1,100,0.3500000000000012,5000,0.05,empirical,direct-moment,15.581942736312937,0.6358,0.006805267959456115
Model 1,100,0.40000000000000124,5000,0.05,empirical,direct-moment,15.581942736312937,0.7442,0.006170354284804075
Model 1,100,0.4500000000000013,5000,0.05,empirical,direct-moment,15.581942736312937,0.8382,0.005208085252758446
Model 1,100,0.5000000000000013,5000,0.05,empirical,direct-moment,15.581942736312937,0.8984,0.004272644146193315
Model 1,100,0.5500000000000014,5000,0.05,empirical,direct-moment,15.581942736312937,0.9488,0.0031170036894427964
Model 1,100,0.6000000000000014,5000,0.05,empirical,direct-moment,15.581942736312937,0.9714,0.002357203427793196
Model 1,100,0.6500000000000015,5000,0.05,empirical,direct-moment,15.581942736312937,0.986,0.0016615655268450904
Model 1,100,0.7000000000000015,5000,0.05,empirical,direct-moment,15.581942736312937,0.9938,0.0011100954913880142
Model 1,100,0.7500000000000016,5000,0.05,empirical,direct-moment,15.581942736312937,0.9972,0.000747283078893136
Model 1,100,0.8000000000000016,5000,0.05,empirical,direct-moment,15.581942736312937,0.9998,0.00019997999899988897
Model 1,100,0.8500000000000016,5000,0.05,empirical,direct-moment,15.581942736312937,0.999,0.0004469899327725404
Model 1,100,0.9000000000000017,5000,0.05,empirical,direct-moment,15.581942736312937,1.0,0.0
Model 1,100,0.9500000000000017,5000,0.05,empirical,direct-moment,15.581942736312937,1.0,0.0
Model 1,100,1.0000000000000018,5000,0.05,empirical,direct-moment,15.581942736312937,1.0,0.0
Model 1,200,-1.0,5000,0.05,empirical,direct-moment,15.555429589962767,1.0,0.0
Model 1,200,-0.95,5000,0.05,empirical,direct-moment,15.555429589962767,1.0,0.0
Model 1,200,-0.8999999999999999,5000,0.05,empirical,direct-moment,15.555429589962767,1.0,0.0
Model 1,200,-0.8499999999999999,5000,0.05,empirical,direct-moment,15.555429589962767,1.0,0.0
Model 1,200,-0.7999999999999998,5000,0.05,empirical,direct-moment,15.555429589962767,1.0,0.0
Model 1,200,-0.7499999999999998,5000,0.05,empirical,direct-moment,15.555429589962767,1.0,0.0
Model 1,200,-0.6999999999999997,5000,0.05,empirical,direct-moment,15.555429589962767,1.0,0.0
Model 1,200,-0.6499999999999997,5000,0.05,empirical,direct-moment,15.555429589962767,1.0,0.0
Model 1,200,-0.5999999999999996,5000,0.05,empirical,direct-moment,15.555429589962767,0.9996,0.0002827861382741226
Model 1,200,-0.5499999999999996,5000,0.05,empirical,direct-moment,15.555429589962767,0.9986,0.000528779727296718
Model 1,200,-0.49999999999999956,5000,0.05,empirical,direct-moment,15.555429589962767,0.997,0.0007734339015067807
Model 1,200,-0.4499999999999995,5000,0.05,empirical,direct-moment,15.555429589962767,0.9858,0.001673222041451761
Model 1,200,-0.39999999999999947,5000,0.05,empirical,direct-moment,15.555429589962767,0.9662,0.0025556822963741033
Model 1,200,-0.3499999999999994,5000,0.05,empirical,direct-moment,15.555429589962767,0.9006,0.004231303345306267
Model 1,200,-0.2999999999999994,5000,0.05,empirical,direct-moment,15.555429589962767,0.8008,0.005648351263864528
Model 1,200,-0.24999999999999933,5000,0.05,empirical,direct-moment,15.555429589962767,0.6468,0.006759434295856421
Model 1,200,-0.1999999999999993,5000,0.05,empirical,direct-moment,15.555429589962767,0.4536,0.007040554523615309
Model 1,200,-0.14999999999999925,5000,0.05,empirical,direct-moment,15.555429589962767,0.2808,0.006355334137557207
Model 1,200,-0.0999999999999992,5000,0.05,empirical,direct-moment,15.555429589962767,0.1506,0.005058055752954884
Model 1,200,-0.049999999999999156,5000,0.05,empirical,direct-moment,15.555429589962767,0.0758,0.003743109936937466
Model 1,200,0.0,5000,0.05,empirical,direct-moment,15.555429589962767,0.0508,0.0031054584202658392
Model 1,200,0.05000000000000093,5000,0.05,empirical,direct-moment,15.555429589962767,0.0704,0.003617840239701029
Model 1,200,0.10000000000000098,5000,0.05,empirical,direct-moment,15.555429589962767,0.1576,0.005152906752503872
Model 1,200,0.15000000000000102,5000,0.05,empirical,direct-moment,15.555429589962767,0.2822,0.006364953416954439
Model 1,200,0.20000000000000107,5000,0.05,empirical,direct-moment,15.555429589962767,0.463,0.007051680650738517
Model 1,200,0.2500000000000011,5000,0.05,empirical,direct-moment,15.555429589962767,0.6482,0.006753321553132207
Model 1,200,0.30000000000000115,5000,0.05,empirical,direct-moment,15.555429589962767,0.8032,0.005622628566782621
Model 1,200,0.3500000000000012,5000,0.05,empirical,direct-moment,15.555429589962767,0.905,0.0041466854233230665
Model 1,200,0.40000000000000124,5000,0.05,empirical,direct-moment,15.555429589962767,0.9626,0.002683327784673352
Model 1,200,0.4500000000000013,5000,0.05,empirical,direct-moment,15.555429589962767,0.9892,0.0014617359542680771
Model 1,200,0.5000000000000013,5000,0.05,empirical,direct-moment,15.555429589962767,0.9974,0.0007201722016295889
Model 1,200,0.5500000000000014,5000,0.05,empirical,direct-moment,15.555429589962767,0.9992,0.0003998399679871993
Model 1,200,0.6000000000000014,5000,0.05,empirical,direct-moment,15.555429589962767,0.9998,0.00019997999899988897
Model 1,200,0.6500000000000015,5000,0.05,empirical,direct-moment,15.555429589962767,1.0,0.0
Model 1,200,0.7000000000000015,5000,0.05,empirical,direct-moment,15.555429589962767,1.0,0.0
Model 1,200,0.7500000000000016,5000,0.05,empirical,direct-moment,15.555429589962767,1.0,0.0
Model 1,200,0.8000000000000016,5000,0.05,empirical,direct-moment,15.555429589962767,1.0,0.0
Model 1,200,0.8500000000000016,5000,0.05,empirical,direct-moment,15.555429589962767,1.0,0.0
Model 1,200,0.9000000000000017,5000,0.05,empirical,direct-moment,15.555429589962767,1.0,0.0
Model 1,200,0.9500000000000017,5000,0.05,empirical,direct-moment,15.555429589962767,1.0,0.0
Model 1,200,1.0000000000000018,5000,0.05,empirical,direct-moment,15.555429589962767,1.0,0.0
Model 2,100,-1.0,5000,0.05,empirical,direct-moment,15.762326336020495,1.0,0.0
Model 2,100,-0.95,5000,0.05,empirical,direct-moment,15.762326336020495,1.0,0.0
Model 2,100,-0.8999999999999999,5000,0.05,empirical,direct-moment,15.762326336020495,0.9996,0.0002827861382741226
Model 2,100,-0.8499999999999999,5000,0.05,empirical,direct-moment,15.762326336020495,0.9994,0.0003463062228721987
Model 2,100,-0.7999999999999998,5000,0.05,empirical,direct-moment,15.762326336020495,0.9992,0.0003998399679871993
Model 2,100,-0.7499999999999998,5000,0.05,empirical,direct-moment,15.762326336020495,0.9966,0.0008232180756032946
Model 2,100,-0.6999999999999997,5000,0.05,empirical,direct-moment,15.762326336020495,0.9936,0.0011277446519491869
Model 2,100,-0.6499999999999997,5000,0.05,empirical,direct-moment,15.762326336020495,0.9862,0.0016498218085599446
Model 2,100,-0.5999999999999996,5000,0.05,empirical,direct-moment,15.762326336020495,0.9686,0.002466334932648037
Model 2,100,-0.5499999999999996,5000,0.05,empirical,direct-moment,15.762326336020495,0.9416,0.0033163063790910513
Model 2,100,-0.49999999999999956,5000,0.05,empirical,direct-moment,15.762326336020495,0.901,0.004223718740636029
Model 2,100,-0.4499999999999995,5000,0.05,empirical,direct-moment,15.762326336020495,0.8324,0.005282238919246269
Model 2,100,-0.39999999999999947,5000,0.05,empirical,direct-moment,15.762326336020495,0.7424,0.006184532965390354
Model 2,100,-0.3499999999999994,5000,0.05,empirical,direct-moment,15.762326336020495,0.6292,0.006830920289390002
Model 2,100,-0.2999999999999994,5000,0.05,empirical,direct-moment,15.762326336020495,0.5016,0.007071031607905596
Model 2,100,-0.24999999999999933,5000,0.05,empirical,direct-moment,15.762326336020495,0.3652,0.006809243129746507
Model 2,100,-0.1999999999999993,5000,0.05,empirical,direct-moment,15.762326336020495,0.25,0.006123724356957945
Model 2,100,-0.14999999999999925,5000,0.05,empirical,direct-moment,15.762326336020495,0.175,0.005373546315051169
Model 2,100,-0.0999999999999992,5000,0.05,empirical,direct-moment,15.762326336020495,0.1012,0.00426517432234604
Model 2,100,-0.049999999999999156,5000,0.05,empirical,direct-moment,15.762326336020495,0.0566,0.003267917991627085
Model 2,100,0.0,5000,0.05,empirical,direct-moment,15.762326336020495,0.0524,0.003151324800778238
Model 2,100,0.05000000000000093,5000,0.05,empirical,direct-moment,15.762326336020495,0.0594,0.0033428024171344617
Model 2,100,0.10000000000000098,5000,0.05,empirical,direct-moment,15.762326336020495,0.1008,0.004257683877415043
Model 2,100,0.15000000000000102,5000,0.05,empirical,direct-moment,15.762326336020495,0.1678,0.005284754677371505
Model 2,100,0.20000000000000107,5000,0.05,empirical,direct-moment,15.762326336020495,0.2628,0.0062247274639135805
Model 2,100,0.2500000000000011,5000,0.05,empirical,direct-moment,15.762326336020495,0.367,0.0068163186545231284
Model 2,100,0.30000000000000115,5000,0.05,empirical,direct-moment,15.762326336020495,0.5064,0.007070488526261817
Model 2,100,0.3500000000000012,5000,0.05,empirical,direct-moment,15.762326336020495,0.6354,0.006806861832004525
Model 2,100,0.40000000000000124,5000,0.05,empirical,direct-moment,15.762326336020495,0.7498,0.006125356479422238
Model 2,100,0.4500000000000013,5000,0.05,empirical,direct-moment,15.762326336020495,0.8328,0.005277199257181787
Model 2,100,0.5000000000000013,5000,0.05,empirical,direct-moment,15.762326336020495,0.8934,0.004364319878285734
Model 2,100,0.5500000000000014,5000,0.05,empirical,direct-moment,15.762326336020495,0.941,0.003332236486205625
Model 2,100,0.6000000000000014,5000,0.05,empirical,direct-moment,15.762326336020495,0.9676,0.0025040063897682043
Model 2,100,0.6500000000000015,5000,0.05,empirical,direct-moment,15.762326336020495,0.9852,0.0017076861538350679
Model 2,100,0.7000000000000015,5000,0.05,empirical,direct-moment,15.762326336020495,0.9944,0.0010553331227626706
Model 2,100,0.7500000000000016,5000,0.05,empirical,direct-moment,15.762326336020495,0.9968,0.0007987189743583135
Model 2,100,0.8000000000000016,5000,0.05,empirical,direct-moment,15.762326336020495,0.999,0.0004469899327725404
Model 2,100,0.8500000000000016,5000,0.05,empirical,direct-moment,15.762326336020495,0.9994,0.0003463062228721987
Model 2,100,0.9000000000000017,5000,0.05,empirical,direct-moment,15.762326336020495,1.0,0.0
Model 2,100,0.9500000000000017,5000,0.05,empirical,direct-moment,15.762326336020495,1.0,0.0
Model 2,100,1.0000000000000018,5000,0.05,empirical,direct-moment,15.762326336020495,0.9998,0.00019997999899988897
Model 2,200,-1.0,5000,0.05,empirical,direct-moment,15.426111778674235,1.0,0.0
Model 2,200,-0.95,5000,0.05,empirical,direct-moment,15.426111778674235,1.0,0.0
Model 2,200,-0.8999999999999999,5000,0.05,empirical,direct-moment,15.426111778674235,1.0,0.0
Model 2,200,-0.8499999999999999,5000,0.05,empirical,direct-moment,15.426111778674235,1.0,0.0
Model 2,200,-0.7999999999999998,5000,0.05,empirical,direct-moment,15.426111778674235,1.0,0.0
Model 2,200,-0.7499999999999998,5000,0.05,empirical,direct-moment,15.426111778674235,1.0,0.0
Model 2,200,-0.6999999999999997,5000,0.05,empirical,direct-moment,15.426111778674235,1.0,0.0
Model 2,200,-0.6499999999999997,5000,0.05,empirical,direct-moment,15.426111778674235,1.0,0.0
Model 2,200,-0.5999999999999996,5000,0.05,empirical,direct-moment,15.426111778674235,0.9998,0.00019997999899988897
Model 2,200,-0.5499999999999996,5000,0.05,empirical,direct-moment,15.426111778674235,0.9988,0.0004896039215529179
Model 2,200,-0.49999999999999956,5000,0.05,empirical,direct-moment,15.426111778674235,0.9954,0.000956957679315031
Model 2,200,-0.4499999999999995,5000,0.05,empirical,direct-moment,15.426111778674235,0.988,0.0015398701243936133
Model 2,200,-0.39999999999999947,5000,0.05,empirical,direct-moment,15.426111778674235,0.9682,0.0024814818153675857
Model 2,200,-0.3499999999999994,5000,0.05,empirical,direct-moment,15.426111778674235,0.9074,0.004099396053079039
Model 2,200,-0.2999999999999994,5000,0.05,empirical,direct-moment,15.426111778674235,0.8074,0.005576831358396988
Model 2,200,-0.24999999999999933,5000,0.05,empirical,direct-moment,15.426111778674235,0.6472,0.006757694281335906
Model 2,200,-0.1999999999999993,5000,0.05,empirical,direct-moment,15.426111778674235,0.4622,0.007050832007642786
Model 2,200,-0.14999999999999925,5000,0.05,empirical,direct-moment,15.426111778674235,0.2954,0.006451958462358542
Model 2,200,-0.0999999999999992,5000,0.05,empirical,direct-moment,15.426111778674235,0.1606,0.005192449133116279
Model 2,200,-0.049999999999999156,5000,0.05,empirical,direct-moment,15.426111778674235,0.0742,0.003706598440619108
Model 2,200,0.0,5000,0.05,empirical,direct-moment,15.426111778674235,0.0458,0.0029564289269319497
Model 2,200,0.05000000000000093,5000,0.05,empirical,direct-moment,15.426111778674235,0.0812,0.003862811411394556
Model 2,200,0.10000000000000098,5000,0.05,empirical,direct-moment,15.426111778674235,0.1528,0.005088264144086861
Model 2,200,0.15000000000000102,5000,0.05,empirical,direct-moment,15.426111778674235,0.2854,0.006386655462759832
Model 2,200,0.20000000000000107,5000,0.05,empirical,direct-moment,15.426111778674235,0.4752,0.007062364476575816
Model 2,200,0.2500000000000011,5000,0.05,empirical,direct-moment,15.426111778674235,0.648,0.006754198694145739
Model 2,200,0.30000000000000115,5000,0.05,empirical,direct-moment,15.426111778674235,0.8006,0.005650480333564572
Model 2,200,0.3500000000000012,5000,0.05,empirical,direct-moment,15.426111778674235,0.909,0.004067407036429965
Model 2,200,0.40000000000000124,5000,0.05,empirical,direct-moment,15.426111778674235,0.9662,0.0025556822963741033
Model 2,200,0.4500000000000013,5000,0.05,empirical,direct-moment,15.426111778674235,0.989,0.0014750593208410305
Model 2,200,0.5000000000000013,5000,0.05,empirical,direct-moment,15.426111778674235,0.9954,0.000956957679315031
Model 2,200,0.5500000000000014,5000,0.05,empirical,direct-moment,15.426111778674235,0.9986,0.000528779727296718
Model 2,200,0.6000000000000014,5000,0.05,empirical,direct-moment,15.426111778674235,0.9996,0.0002827861382741226
Model 2,200,0.6500000000000015,5000,0.05,empirical,direct-moment,15.426111778674235,0.9998,0.00019997999899988897
Model 2,200,0.7000000000000015,5000,0.05,empirical,direct-moment,15.426111778674235,1.0,0.0
Model 2,200,0.7500000000000016,5000,0.05,empirical,direct-moment,15.426111778674235,1.0,0.0
Model 2,200,0.8000000000000016,5000,0.05,empirical,direct-moment,15.426111778674235,1.0,0.0
Model 2,200,0.8500000000000016,5000,0.05,empirical,direct-moment,15.426111778674235,1.0,0.0
Model 2,200,0.9000000000000017,5000,0.05,empirical,direct-moment,15.426111778674235,1.0,0.0
Model 2,200,0.9500000000000017,5000,0.05,empirical,direct-moment,15.426111778674235,1.0,0.0
Model 2,200,1.0000000000000018,5000,0.05,empirical,direct-moment,15.426111778674235,1.0,0.0
Model 3,100,-1.0,5000,0.05,empirical,direct-moment,27.333051137770497,0.9992,0.0003998399679871993
Model 3,100,-0.95,5000,0.05,empirical,direct-moment,27.333051137770497,0.9986,0.000528779727296718
Model 3,100,-0.8999999999999999,5000,0.05,empirical,direct-moment,27.333051137770497,0.9988,0.0004896039215529179
Model 3,100,-0.8499999999999999,5000,0.05,empirical,direct-moment,27.333051137770497,0.9948,0.001017148956643026
Model 3,100,-0.7999999999999998,5000,0.05,empirical,direct-moment,27.333051137770497,0.9932,0.0011622185680843365
Model 3,100,-0.7499999999999998,5000,0.05,empirical,direct-moment,27.333051137770497,0.9796,0.0019991918367180265
Model 3,100,-0.6999999999999997,5000,0.05,empirical,direct-moment,27.333051137770497,0.9686,0.002466334932648037
Model 3,100,-0.6499999999999997,5000,0.05,empirical,direct-moment,27.333051137770497,0.9442,0.0032461164489278557
Model 3,100,-0.5999999999999996,5000,0.05,empirical,direct-moment,27.333051137770497,0.8948,0.004338962087873089
Model 3,100,-0.5499999999999996,5000,0.05,empirical,direct-moment,27.333051137770497,0.8462,0.00510187338141589
Model 3,100,-0.49999999999999956,5000,0.05,empirical,direct-moment,27.333051137770497,0.7574,0.0060620993063459465
Model 3,100,-0.4499999999999995,5000,0.05,empirical,direct-moment,27.333051137770497,0.667,0.006664998124530868
Model 3,100,-0.39999999999999947,5000,0.05,empirical,direct-moment,27.333051137770497,0.5438,0.007043884723645043
Model 3,100,-0.3499999999999994,5000,0.05,empirical,direct-moment,27.333051137770497,0.4386,0.007017549999821875
Model 3,100,-0.2999999999999994,5000,0.05,empirical,direct-moment,27.333051137770497,0.3282,0.006640553591380767
Model 3,100,-0.24999999999999933,5000,0.05,empirical,direct-moment,27.333051137770497,0.224,0.00589616824726025
Model 3,100,-0.1999999999999993,5000,0.05,empirical,direct-moment,27.333051137770497,0.1578,0.005155563208806581
Model 3,100,-0.14999999999999925,5000,0.05,empirical,direct-moment,27.333051137770497,0.1052,0.00433896208787309
Model 3,100,-0.0999999999999992,5000,0.05,empirical,direct-moment,27.333051137770497,0.0752,0.003729476102618168
Model 3,100,-0.049999999999999156,5000,0.05,empirical,direct-moment,27.333051137770497,0.0522,0.003145636978419474
Model 3,100,0.0,5000,0.05,empirical,direct-moment,27.333051137770497,0.0478,0.003017123133052412
Model 3,100,0.05000000000000093,5000,0.05,empirical,direct-moment,27.333051137770497,0.0552,0.0032296427046966045
Model 3,100,0.10000000000000098,5000,0.05,empirical,direct-moment,27.333051137770497,0.0698,0.003603552691442155
Model 3,100,0.15000000000000102,5000,0.05,empirical,direct-moment,27.333051137770497,0.1074,0.00437870391782774
Model 3,100,0.20000000000000107,5000,0.05,empirical,direct-moment,27.333051137770497,0.159,0.005171440805036833
Model 3,100,0.2500000000000011,5000,0.05,empirical,direct-moment,27.333051137770497,0.236,0.0060050645292119885
Model 3,100,0.30000000000000115,5000,0.05,empirical,direct-moment,27.333051137770497,0.3184,0.00658819307549498
Model 3,100,0.3500000000000012,5000,0.05,empirical,direct-moment,27.333051137770497,0.4274,0.006996130930735931
Model 3,100,0.40000000000000124,5000,0.05,empirical,direct-moment,27.333051137770497,0.5534,0.007030625007778469
Model 3,100,0.4500000000000013,5000,0.05,empirical,direct-moment,27.333051137770497,0.6656,0.0066719808153201405
Model 3,100,0.5000000000000013,5000,0.05,empirical,direct-moment,27.333051137770497,0.7558,0.006075629350116743
Model 3,100,0.5500000000000014,5000,0.05,empirical,direct-moment,27.333051137770497,0.8384,0.00520548633654916
Model 3,100,0.6000000000000014,5000,0.05,empirical,direct-moment,27.333051137770497,0.899,0.004261431684305169
Model 3,100,0.6500000000000015,5000,0.05,empirical,direct-moment,27.333051137770497,0.9384,0.003400159996235471
Model 3,100,0.7000000000000015,5000,0.05,empirical,direct-moment,27.333051137770497,0.966,0.0025629670306112026
Model 3,100,0.7500000000000016,5000,0.05,empirical,direct-moment,27.333051137770497,0.9832,0.0018175676053451238
Model 3,100,0.8000000000000016,5000,0.05,empirical,direct-moment,27.333051137770497,0.991,0.0013355897573731246
Model 3,100,0.8500000000000016,5000,0.05,empirical,direct-moment,27.333051137770497,0.996,0.0008926365441768563
Model 3,100,0.9000000000000017,5000,0.05,empirical,direct-moment,27.333051137770497,0.998,0.0006318227599572528
Model 3,100,0.9500000000000017,5000,0.05,empirical,direct-moment,27.333051137770497,0.999,0.0004469899327725404
Model 3,100,1.0000000000000018,5000,0.05,empirical,direct-moment,27.333051137770497,0.9998,0.00019997999899988897
Model 3,200,-1.0,5000,0.05,empirical,direct-moment,27.08329714240967,1.0,0.0
Model 3,200,-0.95,5000,0.05,empirical,direct-moment,27.08329714240967,1.0,0.0
Model 3,200,-0.8999999999999999,5000,0.05,empirical,direct-moment,27.08329714240967,1.0,0.0
Model 3,200,-0.8499999999999999,5000,0.05,empirical,direct-moment,27.08329714240967,1.0,0.0
Model 3,200,-0.7999999999999998,5000,0.05,empirical,direct-moment,27.08329714240967,1.0,0.0
Model 3,200,-0.7499999999999998,5000,0.05,empirical,direct-moment,27.08329714240967,1.0,0.0
Model 3,200,-0.6999999999999997,5000,0.05,empirical,direct-moment,27.08329714240967,0.9998,0.00019997999899988897
Model 3,200,-0.6499999999999997,5000,0.05,empirical,direct-moment,27.08329714240967,0.9992,0.0003998399679871993
Model 3,200,-0.5999999999999996,5000,0.05,empirical,direct-moment,27.08329714240967,0.998,0.0006318227599572528
Model 3,200,-0.5499999999999996,5000,0.05,empirical,direct-moment,27.08329714240967,0.9922,0.0012441189653726872
Model 3,200,-0.49999999999999956,5000,0.05,empirical,direct-moment,27.08329714240967,0.9794,0.0020087628033194937
Model 3,200,-0.4499999999999995,5000,0.05,empirical,direct-moment,27.08329714240967,0.942,0.003305631558416638
Model 3,200,-0.39999999999999947,5000,0.05,empirical,direct-moment,27.08329714240967,0.8714,0.004734174479251901
Model 3,200,-0.3499999999999994,5000,0.05,empirical,direct-moment,27.08329714240967,0.7644,0.006001543801389773
Model 3,200,-0.2999999999999994,5000,0.05,empirical,direct-moment,27.08329714240967,0.6142,0.006884160951052786
Model 3,200,-0.24999999999999933,5000,0.05,empirical,direct-moment,27.08329714240967,0.4474,0.007031831055991035
Model 3,200,-0.1999999999999993,5000,0.05,empirical,direct-moment,27.08329714240967,0.2918,0.006428884195566132
Model 3,200,-0.14999999999999925,5000,0.05,empirical,direct-moment,27.08329714240967,0.1642,0.005239052586107531
Model 3,200,-0.0999999999999992,5000,0.05,empirical,direct-moment,27.08329714240967,0.0932,0.004111295659521461
Model 3,200,-0.049999999999999156,5000,0.05,empirical,direct-moment,27.08329714240967,0.0582,0.003310974478911005
Model 3,200,0.0,5000,0.05,empirical,direct-moment,27.08329714240967,0.049,0.0030528347482299137
Model 3,200,0.05000000000000093,5000,0.05,empirical,direct-moment,27.08329714240967,0.0576,0.0032949124419322587
Model 3,200,0.10000000000000098,5000,0.05,empirical,direct-moment,27.08329714240967,0.1028,0.0042949309656850135
Model 3,200,0.15000000000000102,5000,0.05,empirical,direct-moment,27.08329714240967,0.1752,0.005375964285595654
Model 3,200,0.20000000000000107,5000,0.05,empirical,direct-moment,27.08329714240967,0.2818,0.00636221282259561
Model 3,200,0.2500000000000011,5000,0.05,empirical,direct-moment,27.08329714240967,0.4456,0.0070290915486995904
Model 3,200,0.30000000000000115,5000,0.05,empirical,direct-moment,27.08329714240967,0.6144,0.006883496785791361
Model 3,200,0.3500000000000012,5000,0.05,empirical,direct-moment,27.08329714240967,0.767,0.005978478067200715
Model 3,200,0.40000000000000124,5000,0.05,empirical,direct-moment,27.08329714240967,0.8752,0.004673862642397613
Model 3,200,0.4500000000000013,5000,0.05,empirical,direct-moment,27.08329714240967,0.9452,0.003218600938296016
Model 3,200,0.5000000000000013,5000,0.05,empirical,direct-moment,27.08329714240967,0.9726,0.00230864635663412
Model 3,200,0.5500000000000014,5000,0.05,empirical,direct-moment,27.08329714240967,0.9924,0.00122818891055082
Model 3,200,0.6000000000000014,5000,0.05,empirical,direct-moment,27.08329714240967,0.997,0.0007734339015067807
Model 3,200,0.6500000000000015,5000,0.05,empirical,direct-moment,27.08329714240967,0.999,0.0004469899327725404
Model 3,200,0.7000000000000015,5000,0.05,empirical,direct-moment,27.08329714240967,0.9998,0.00019997999899988897
Model 3,200,0.7500000000000016,5000,0.05,empirical,direct-moment,27.08329714240967,0.9996,0.0002827861382741226
Model 3,200,0.8000000000000016,5000,0.05,empirical,direct-moment,27.08329714240967,1.0,0.0
Model 3,200,0.8500000000000016,5000,0.05,empirical,direct-moment,27.08329714240967,1.0,0.0
Model 3,200,0.9000000000000017,5000,0.05,empirical,direct-moment,27.08329714240967,1.0,0.0
Model 3,200,0.9500000000000017,5000,0.05,empirical,direct-moment,27.08329714240967,1.0,0.0
Model 3,200,1.0000000000000018,5000,0.05,empirical,direct-moment,27.08329714240967,1.0,0.0
