model,method,distribution_scope,replications,coefficient,true,mean,bias,variance,standard_deviation,median,p025,p975,minimum,maximum,skewness,excess_kurtosis
Model 1,CG-FPLS-code,all replications,5000,1,4.000000000000002,3.8674673411559897,-0.1325326588440121,0.00766715540115581,0.08756229440321793,3.8712569234356984,3.686447180941147,4.028125106754233,3.4468088845501725,4.194951078115272,-0.3159842565591316,0.41066687950756675
Model 1,CG-FPLS-code,all replications,5000,2,0.6155722066724589,0.3662302267137658,-0.24934197995869312,0.06305897018888006,0.25111545191182494,0.36265967199192745,-0.11108280090560396,0.8417239014087263,-0.40255768211595555,1.3303177293722517,0.04589692133685262,-0.31789516935816486
Model 1,CG-FPLS-code,all replications,5000,3,0.2059835807875418,0.07136163569214937,-0.13462194509539244,0.04578947031379912,0.21398474317997326,0.07498968818338342,-0.34739501937230227,0.48357655940502664,-0.7650613095744723,0.9167341609068367,-0.04486742052402372,0.04741310757765538
Model 1,Raw FPLS,archived numerically stable raw fits,4980,1,4.000000000000002,3.92193511703909,-0.07806488296091185,0.006314690250202879,0.07946502532688754,3.920747427590973,3.768215287989992,4.076655952286675,3.5941153839957005,4.300796505219937,0.0358102363632486,0.28215658735881766
Model 1,Raw FPLS,archived numerically stable raw fits,4980,2,0.6155722066724589,0.6419834154902626,0.026411208817803677,0.020470914602542106,0.14307660396634422,0.6565129455411264,0.3276569977795403,0.8980671603720876,0.011989225435981037,1.1223472574670998,-0.4138460965205456,0.24693455842043743
Model 1,Raw FPLS,archived numerically stable raw fits,4980,3,0.2059835807875418,0.1915778766418225,-0.014405704145719317,0.024402957645058485,0.1562144604223901,0.18980188204634663,-0.12050059443153834,0.5017784891429761,-0.47814576737234354,0.7933332800977267,0.025561264300106742,0.2548307773753038
Model 1,Arnoldi FPLS,all replications,5000,1,4.000000000000002,3.922086766968942,-0.0779132330310599,0.0063423973523466445,0.07963916971155993,3.920986599189755,3.7681786009664964,4.076969077016574,3.5941153839956987,4.300796505403576,0.036591459098399684,0.2783868911336791
Model 1,Arnoldi FPLS,all replications,5000,2,0.6155722066724589,0.6419418763123784,0.02636966963991949,0.020488710681944328,0.14313878119484016,0.6565129455410841,0.32683173855513387,0.8979165560282008,0.011989225435980765,1.1223472574671005,-0.41770503548548366,0.25207318521459365
Model 1,Arnoldi FPLS,all replications,5000,3,0.2059835807875418,0.19152858839922607,-0.01445499238831574,0.024393203370120655,0.15618323652082722,0.18975352926577635,-0.12058685452225437,0.501895283048377,-0.4781457673723444,0.7933332801151677,0.024849232857897124,0.2581364352524367
Model 1,FPCR,all replications,5000,1,4.000000000000002,3.9136987816391877,-0.08630121836081406,0.006191098727717464,0.07868353530261248,3.9136451866044344,3.756725473177312,4.067914514398483,3.565420541505651,4.234755599014799,-0.023875485470943914,0.15891552232614048
Model 1,FPCR,all replications,5000,2,0.6155722066724589,0.5860099265259653,-0.029562280146493647,0.01146510676919663,0.10707523882390657,0.5869486358120706,0.3751688591437802,0.7953698410737794,0.2069989590120408,1.02178464817248,-0.009268930108330808,0.19070080231565978
Model 1,FPCR,all replications,5000,3,0.2059835807875418,0.18684127742712392,-0.01914230336041789,0.01827076250793778,0.13516938450676536,0.18779030086666745,-0.08828049063213045,0.44986139630576827,-0.3084516698981322,0.6428279182025839,-0.10940940870657483,0.18996220060939306
Model 2,CG-FPLS-code,all replications,5000,1,4.000000000000003,3.9300968866845034,-0.06990311331549925,0.011048480678976753,0.10511175328656996,3.9303641064417336,3.71784166437488,4.132059706451657,3.4581803273427165,4.328040471562952,-0.08524847491668097,0.5718368778967138
Model 2,CG-FPLS-code,all replications,5000,2,4.000000000000007,3.847655957031082,-0.15234404296892512,0.03955614251045974,0.19888726080485833,3.8337636162013218,3.4867720080009947,4.339759952199798,3.1883786038712203,4.793115167858197,0.6397460291882816,1.5397198612977467
Model 2,CG-FPLS-code,all replications,5000,3,4.000000000000001,3.8865366639789056,-0.11346333602109526,0.06472459505607574,0.25441028881724836,3.913365830080701,3.316976364355186,4.316645317709785,2.202880514496082,4.849441016704805,-0.7454078418988923,1.8229163158144601
Model 2,Raw FPLS,archived numerically stable raw fits,4591,1,4.000000000000003,3.959946454496611,-0.040053545503391685,0.0074520467413183005,0.08632523814805436,3.9596648457982933,3.7938625043879037,4.132808671737329,3.587061206008478,4.228440407847789,-0.006445280225242697,0.0371571637277639
Model 2,Raw FPLS,archived numerically stable raw fits,4591,2,4.000000000000007,3.9199614348420906,-0.08003856515791652,0.01673603331040103,0.12936782177342646,3.9243385496783394,3.658015276701723,4.167170992622408,3.2383880712603528,4.369212388643361,-0.10991448753476651,0.24816892757331166
Model 2,Raw FPLS,archived numerically stable raw fits,4591,3,4.000000000000001,3.8463815124012886,-0.15361848759871233,0.03568448267097393,0.18890336860674012,3.8527467680228074,3.462057405676152,4.1971888177733545,3.165121525619517,4.551665350460199,-0.15355808058602086,-0.031118483716547463
Model 2,Arnoldi FPLS,all replications,5000,1,4.000000000000003,3.961346930908893,-0.03865306909110977,0.0075878667319589825,0.08710836200939025,3.9604327272382904,3.794435418287342,4.134123745485086,3.5870612062003824,4.268729893789763,0.003155001843370029,0.08508545217669994
Model 2,Arnoldi FPLS,all replications,5000,2,4.000000000000007,3.922903708387226,-0.07709629161278109,0.016987672634069185,0.13033676624064747,3.9260605365507195,3.6611401990566788,4.172261716949727,3.2383880712631905,4.407795265311653,-0.06932679344745808,0.2806367943237831
Model 2,Arnoldi FPLS,all replications,5000,3,4.000000000000001,3.852863406291981,-0.1471365937080198,0.03556503927003206,0.18858695413530613,3.858445941030038,3.4648755767594666,4.203247548842998,3.1651215271997613,4.551665715509013,-0.15873593981872622,0.0018999885509956016
Model 2,FPCR,all replications,5000,1,4.000000000000003,3.9477062593373624,-0.05229374066264025,0.007699547785703876,0.08774706710599435,3.9470755459490476,3.7808281840471647,4.121214652522429,3.601638394212395,4.309996315965229,0.01882729646871331,0.10830672835806032
Model 2,FPCR,all replications,5000,2,4.000000000000007,3.888491460252128,-0.111508539747879,0.016835616174922928,0.1297521336045112,3.8899827969526246,3.633341041424585,4.142236349436356,3.4246999486861878,4.479980909047152,-0.04222510747852624,0.17662278075465077
Model 2,FPCR,all replications,5000,3,4.000000000000001,3.81828688179474,-0.18171311820526093,0.025524251813040306,0.1597631115528247,3.8237703382987522,3.4917475865302903,4.128578806656484,3.23588813242782,4.552011528429211,-0.1344358465351294,0.23017986334587137
Model 3,CG-FPLS-code,all replications,5000,1,4.000000000000002,3.870853822291692,-0.12914617770830983,0.00875455873548655,0.0935657989624764,3.876262864654216,3.6700383302452755,4.0365269033783,3.423648905778784,4.194837867327253,-0.45705480658450726,0.5985098532264859
Model 3,CG-FPLS-code,all replications,5000,2,0.6155722066724589,0.599306861501288,-0.016265345171170953,0.01733803141947713,0.13167395877498758,0.6023495246391379,0.3157694207330006,0.8484339007381313,-0.07974262637711341,1.154206806994089,-0.23293873150764197,1.6712746461759656
Model 3,CG-FPLS-code,all replications,5000,3,0.2059835807875418,0.19787728416008343,-0.008106296627458376,0.01699913924237132,0.13038074720744364,0.19881097145156423,-0.07079110676055296,0.45604930124299353,-0.36793709588573176,0.8192937475934131,-0.05628816340221946,1.405719215853516
Model 3,Raw FPLS,archived numerically stable raw fits,4984,1,4.000000000000002,3.9315129164832787,-0.06848708351672306,0.006162674922497604,0.0785027064660678,3.930667848029848,3.777720650994222,4.086499967580129,3.6336623694572157,4.251864703345274,-0.0016100873464423482,0.09137179360285819
Model 3,Raw FPLS,archived numerically stable raw fits,4984,2,0.6155722066724589,0.6057015619993895,-0.009870644673069418,0.007412667411384667,0.08609684902123113,0.6061715477370342,0.4392317106006223,0.7767635922574815,0.286441395036807,0.9111189008335515,0.008580590221157442,0.08842077676434767
Model 3,Raw FPLS,archived numerically stable raw fits,4984,3,0.2059835807875418,0.20177790087513434,-0.004205679912407473,0.007380383048831404,0.08590915579163494,0.19930207690490717,0.03789909583953641,0.3715841385036884,-0.13849089055521707,0.4875351072050658,0.0772232904183698,-0.046529617928678046
Model 3,Arnoldi FPLS,all replications,5000,1,4.000000000000002,3.9316747319390015,-0.06832526806100025,0.00616642663794227,0.07852659828327133,3.930919070026194,3.777953225846882,4.086559083175272,3.6336623694572974,4.251864703345217,-0.0013793863212775398,0.09092911467097409
Model 3,Arnoldi FPLS,all replications,5000,2,0.6155722066724589,0.6057748194219271,-0.009797387250531808,0.0074172398636230185,0.08612339904824366,0.6061782355803873,0.4392400708064926,0.7769481311671133,0.2864413950354617,0.911118900832577,0.009407047945924596,0.08545534728284254
Model 3,Arnoldi FPLS,all replications,5000,3,0.2059835807875418,0.20187519812183205,-0.004108382665709759,0.007412582339274819,0.0860963549708977,0.19935601590174884,0.03734374245982159,0.3716916580488802,-0.13849089054877034,0.49244776715633043,0.08445715636803015,-0.03394586550449219
Model 3,FPCR,all replications,5000,1,4.000000000000002,3.9194839940763297,-0.08051600592367203,0.006154917954757964,0.07845328517505155,3.9203808259866153,3.7664158485912975,4.071568995162079,3.6096773286459656,4.2395593391683875,-0.040917013827054594,0.05160493662660137
Model 3,FPCR,all replications,5000,2,0.6155722066724589,0.6040362737676513,-0.011535932904807589,0.0057163348171931985,0.07560644692877187,0.6050901228580761,0.4527028775619815,0.7505711177450952,0.33203542629210603,0.8704031124020513,-0.03023754598655234,0.02105018583600282
Model 3,FPCR,all replications,5000,3,0.2059835807875418,0.2021034714074485,-0.0038801093800933106,0.005423615334797551,0.07364519899353623,0.20174812527190938,0.05771060461579479,0.34589036783935423,-0.09856262636817702,0.46245099323867317,0.02013432885585915,-0.038287696915672687
